,dataset,model,accuracy,cohen kappa,time,memory,drifts
0,agrawal2_gradual_20K_0,HT_basic_F,0.735236761838092,0.39883682563682343,00:00:02,495.62 KB,[]
1,agrawal2_gradual_20K_0,HT_ADWIN_F,0.847392369618481,0.615018525069287,00:00:06,47.95 KB,"[1791, 5631, 8255, 12063, 16351]"
2,agrawal2_gradual_20K_0,HT_BOCD_F,0.8628931446572329,0.6534818117953487,00:08:18,227.57 MB,"[2989, 5168, 8168, 12087, 16139]"
3,agrawal2_gradual_20K_0,HT_CUSUM_F,0.8658932946647332,0.6627171536673344,00:00:03,40.81 KB,"[8268, 12081, 16172]"
4,agrawal2_gradual_20K_0,HT_DDM_F,0.8622431121556078,0.6548646179487578,00:00:04,150.78 KB,"[8358, 8445, 11802, 11851, 12121, 16137]"
5,agrawal2_gradual_20K_0,HT_ECDD_F,0.8531926596329816,0.6320903669336463,00:00:06,65.13 KB,"[248, 1210, 2149, 3863, 5480, 5838, 6359, 7484, 7975, 10385, 11389, 11690, 11852, 12087, 13312, 13924, 14174, 14531, 15470, 15830, 19231, 19673]"
6,agrawal2_gradual_20K_0,HT_EDDM_F,0.8497424871243562,0.6291899977311586,00:00:03,44.83 KB,"[133, 191, 247, 316, 490, 571, 666, 781, 847, 8931, 10569, 11631, 11920, 12081, 16336]"
7,agrawal2_gradual_20K_0,HT_GMA_F,0.735236761838092,0.39883682563682343,00:00:03,497.71 KB,[]
8,agrawal2_gradual_20K_0,HT_HDDMA_F,0.8675433771688584,0.6651069698852202,00:00:05,79.95 KB,"[8172, 12061, 16091]"
9,agrawal2_gradual_20K_0,HT_HDDMW_F,0.8677433871693585,0.6700342241521937,00:00:04,46.2 KB,"[266, 3666, 8118, 12096, 16138]"
10,agrawal2_gradual_20K_0,HT_KSWIN1_F,0.735236761838092,0.39883682563682343,00:00:12,498.64 KB,[]
11,agrawal2_gradual_20K_0,HT_KSWIN51_F,0.735236761838092,0.39883682563682343,00:00:14,498.64 KB,[]
12,agrawal2_gradual_20K_0,HT_KSWIN101_F,0.735236761838092,0.39883682563682343,00:00:14,498.64 KB,[]
13,agrawal2_gradual_20K_0,HT_KSWIN151_F,0.735236761838092,0.39883682563682343,00:00:11,498.64 KB,[]
14,agrawal2_gradual_20K_0,HT_KSWIN201_F,0.735236761838092,0.39883682563682343,00:00:14,498.64 KB,[]
15,agrawal2_gradual_20K_0,HT_PH_F,0.8064903245162258,0.5442358641512819,00:00:05,42.62 KB,"[10900, 12109, 16488]"
16,agrawal2_gradual_20K_0,HT_RDDM_F,0.8700935046752337,0.6735284826648464,00:00:04,155.29 KB,"[462, 3883, 8116, 11680, 11853, 12096, 16055]"
17,agrawal2_gradual_20K_0,HT_STEPD_F,0.8588429421471073,0.6432260709805437,00:00:08,55.52 KB,"[60, 133, 595, 2997, 4839, 8001, 11858, 12094, 15824, 16377, 16437, 19443]"
18,agrawal2_gradual_20K_2,HT_basic_F,0.7329866493324666,0.3870819829284154,00:00:04,2 MB,[]
19,agrawal2_gradual_20K_2,HT_ADWIN_F,0.8611930596529827,0.649763786919058,00:00:05,67.8 KB,"[4607, 8447, 12063, 12639, 16351]"
20,agrawal2_gradual_20K_2,HT_BOCD_F,0.8588929446472323,0.6507288361477636,00:07:15,136.61 MB,"[4152, 6954, 8269, 12110, 15363, 17009]"
21,agrawal2_gradual_20K_2,HT_CUSUM_F,0.872543627181359,0.6793742856829276,00:00:05,62.51 KB,"[4036, 8222, 12108, 16242]"
22,agrawal2_gradual_20K_2,HT_DDM_F,0.8747437371868594,0.6819057233044238,00:00:05,99.26 KB,"[4091, 8180, 11870, 12190, 16228]"
23,agrawal2_gradual_20K_2,HT_ECDD_F,0.856292814640732,0.6379178372821938,00:00:05,61.53 KB,"[327, 1687, 2513, 2796, 3720, 7710, 8183, 9093, 9805, 9841, 9952, 10268, 10384, 10523, 11198, 11696, 11870, 12142, 12765, 13187, 15197, 15516, 15855, 16223, 16920, 18420, 18559, 19989]"
24,agrawal2_gradual_20K_2,HT_EDDM_F,0.8495424771238562,0.6333858476388592,00:00:05,99.94 KB,"[91, 188, 377, 9040, 11863, 12128, 12206, 16369]"
25,agrawal2_gradual_20K_2,HT_GMA_F,0.7329866493324666,0.3870819829284154,00:00:05,2 MB,[]
26,agrawal2_gradual_20K_2,HT_HDDMA_F,0.8726936346817341,0.6795933592264881,00:00:04,62.18 KB,"[4094, 8174, 12063, 12224, 16205]"
27,agrawal2_gradual_20K_2,HT_HDDMW_F,0.8749937496874843,0.6832252154388493,00:00:05,650.33 KB,"[3912, 8105, 12143, 16140]"
28,agrawal2_gradual_20K_2,HT_KSWIN1_F,0.7329866493324666,0.3870819829284154,00:00:15,2 MB,[]
29,agrawal2_gradual_20K_2,HT_KSWIN51_F,0.7329866493324666,0.3870819829284154,00:00:14,2 MB,[]
30,agrawal2_gradual_20K_2,HT_KSWIN101_F,0.7329866493324666,0.3870819829284154,00:00:13,2 MB,[]
31,agrawal2_gradual_20K_2,HT_KSWIN151_F,0.7329866493324666,0.3870819829284154,00:00:11,2 MB,[]
32,agrawal2_gradual_20K_2,HT_KSWIN201_F,0.7329866493324666,0.3870819829284154,00:00:13,2 MB,[]
33,agrawal2_gradual_20K_2,HT_PH_F,0.8250412520626031,0.5790559391225981,00:00:05,62.56 KB,"[9484, 12132, 16843]"
34,agrawal2_gradual_20K_2,HT_RDDM_F,0.8752937646882344,0.6868253403015625,00:00:04,155.14 KB,"[3906, 4183, 8137, 11837, 12123, 16160]"
35,agrawal2_gradual_20K_2,HT_STEPD_F,0.864043202160108,0.6565960192688948,00:00:10,108.56 KB,"[3746, 4581, 6985, 7071, 8192, 10544, 11714, 12120, 16138, 16697, 16757, 16817, 16877, 17872, 17932, 17992, 18052, 18112, 18172, 18232, 18292, 18352, 18412]"
36,agrawal2_gradual_20K_4,HT_basic_F,0.7474373718685934,0.4155761026202481,00:00:04,447.33 KB,[]
37,agrawal2_gradual_20K_4,HT_ADWIN_F,0.855792789639482,0.6305336375715552,00:00:06,46.97 KB,"[3295, 4735, 6975, 8383, 12031, 13567, 16383]"
38,agrawal2_gradual_20K_4,HT_BOCD_F,0.8752437621881094,0.6799095128868939,00:09:52,228.53 MB,"[3856, 4504, 8135, 12111, 16131]"
39,agrawal2_gradual_20K_4,HT_CUSUM_F,0.8751937596879844,0.6828927683472128,00:00:06,40.66 KB,"[4099, 8176, 12108, 16177]"
40,agrawal2_gradual_20K_4,HT_DDM_F,0.8633431671583579,0.6534327098257429,00:00:03,148.86 KB,"[8401, 12013, 12324, 12380, 16145]"
41,agrawal2_gradual_20K_4,HT_ECDD_F,0.8615430771538577,0.6473876508178465,00:00:04,63.37 KB,"[235, 1776, 2276, 3008, 3826, 8047, 9250, 9906, 11188, 11321, 11512, 11759, 12140, 13695, 13807, 14413, 15165, 16145, 17676, 18162, 19032, 19593, 19964]"
42,agrawal2_gradual_20K_4,HT_EDDM_F,0.8556427821391069,0.6428575329959015,00:00:05,64.5 KB,"[224, 8991, 10379, 11742, 12050, 12176, 16345]"
43,agrawal2_gradual_20K_4,HT_GMA_F,0.7474373718685934,0.4155761026202481,00:00:05,449.42 KB,[]
44,agrawal2_gradual_20K_4,HT_HDDMA_F,0.8734436721836092,0.676479082710085,00:00:06,64.51 KB,"[4015, 8133, 12063, 16141]"
45,agrawal2_gradual_20K_4,HT_HDDMW_F,0.8740437021851093,0.6804246971033656,00:00:05,66.01 KB,"[3835, 8137, 12145, 16145]"
46,agrawal2_gradual_20K_4,HT_KSWIN1_F,0.7474373718685934,0.4155761026202481,00:00:13,450.36 KB,[]
47,agrawal2_gradual_20K_4,HT_KSWIN51_F,0.7474373718685934,0.4155761026202481,00:00:17,450.36 KB,[]
48,agrawal2_gradual_20K_4,HT_KSWIN101_F,0.7474373718685934,0.4155761026202481,00:00:16,450.36 KB,[]
49,agrawal2_gradual_20K_4,HT_KSWIN151_F,0.7474373718685934,0.4155761026202481,00:00:13,450.36 KB,[]
50,agrawal2_gradual_20K_4,HT_KSWIN201_F,0.7474373718685934,0.4155761026202481,00:00:15,450.36 KB,[]
51,agrawal2_gradual_20K_4,HT_PH_F,0.8171408570428521,0.5647499469642655,00:00:04,62.52 KB,"[10806, 12132, 16539]"
52,agrawal2_gradual_20K_4,HT_RDDM_F,0.8771938596929847,0.6835510501875763,00:00:03,155.14 KB,"[246, 4057, 8137, 11792, 12050, 16152]"
53,agrawal2_gradual_20K_4,HT_STEPD_F,0.8686434321716086,0.6632840078702679,00:00:08,75.52 KB,"[245, 305, 2949, 3475, 3920, 4081, 8047, 8608, 11770, 12144, 15916, 16227]"
54,agrawal2_gradual_20K_6,HT_basic_F,0.7555377768888445,0.43496169761249803,00:00:04,447.21 KB,[]
55,agrawal2_gradual_20K_6,HT_ADWIN_F,0.8578428921446072,0.6374207868128945,00:00:05,49.01 KB,"[5375, 8287, 12063, 13599, 16255, 18719]"
56,agrawal2_gradual_20K_6,HT_BOCD_F,0.8593929696484824,0.6365001283883175,00:11:11,225.2 MB,"[4772, 8044, 11996, 13348, 16164]"
57,agrawal2_gradual_20K_6,HT_CUSUM_F,0.8646932346617331,0.6544507449819359,00:00:05,625.02 KB,"[8324, 12059, 16165]"
58,agrawal2_gradual_20K_6,HT_DDM_F,0.863543177158858,0.6513388863341346,00:00:07,134.05 KB,"[8466, 11856, 11994, 12210, 16137]"
59,agrawal2_gradual_20K_6,HT_ECDD_F,0.8490924546227311,0.6176340171408619,00:00:04,64.85 KB,"[417, 1089, 2189, 3130, 3679, 6199, 6641, 7821, 11705, 11999, 14674, 15288, 16011, 19390]"
60,agrawal2_gradual_20K_6,HT_EDDM_F,0.8354917745887295,0.5942519348367106,00:00:05,79.8 KB,"[9171, 12111, 12192, 16204]"
61,agrawal2_gradual_20K_6,HT_GMA_F,0.7555377768888445,0.43496169761249803,00:00:07,449.29 KB,[]
62,agrawal2_gradual_20K_6,HT_HDDMA_F,0.8667933396669834,0.6571398961308466,00:00:06,79.88 KB,"[8194, 12000, 16032]"
63,agrawal2_gradual_20K_6,HT_HDDMW_F,0.8665933296664833,0.6605136827334604,00:00:05,81.56 KB,"[1420, 4172, 8047, 12001, 16010]"
64,agrawal2_gradual_20K_6,HT_KSWIN1_F,0.7555377768888445,0.43496169761249803,00:00:18,450.23 KB,[]
65,agrawal2_gradual_20K_6,HT_KSWIN51_F,0.7555377768888445,0.43496169761249803,00:00:16,450.23 KB,[]
66,agrawal2_gradual_20K_6,HT_KSWIN101_F,0.7555377768888445,0.43496169761249803,00:00:15,450.23 KB,[]
67,agrawal2_gradual_20K_6,HT_KSWIN151_F,0.7555377768888445,0.43496169761249803,00:00:16,450.23 KB,[]
68,agrawal2_gradual_20K_6,HT_KSWIN201_F,0.7555377768888445,0.43496169761249803,00:00:15,450.23 KB,[]
69,agrawal2_gradual_20K_6,HT_PH_F,0.8114405720286014,0.5483218698555371,00:00:05,42.62 KB,"[10499, 12137, 16619]"
70,agrawal2_gradual_20K_6,HT_RDDM_F,0.8668433421671083,0.6581706815252483,00:00:07,135.12 KB,"[8302, 11832, 11996, 12157, 16038]"
71,agrawal2_gradual_20K_6,HT_STEPD_F,0.8624931246562328,0.6530458001560717,00:00:08,55.6 KB,"[617, 765, 1603, 3912, 4505, 7844, 8538, 11512, 11572, 11732, 11983, 12174, 16014, 16566]"
72,agrawal2_gradual_20K_8,HT_basic_F,0.7388869443472174,0.4106084563111031,00:00:04,482.35 KB,[]
73,agrawal2_gradual_20K_8,HT_ADWIN_F,0.8611930596529827,0.6520030650836076,00:00:06,69.57 KB,"[4831, 8159, 12095, 13087, 15103, 16223]"
74,agrawal2_gradual_20K_8,HT_BOCD_F,0.8608930446522326,0.6497321002799904,00:11:13,225.45 MB,"[4707, 8024, 11948, 13764, 16157]"
75,agrawal2_gradual_20K_8,HT_CUSUM_F,0.8684934246712336,0.6725065854684804,00:00:05,686.81 KB,"[8199, 12027, 16099]"
76,agrawal2_gradual_20K_8,HT_DDM_F,0.8575428771438572,0.6491837921777609,00:00:08,172.3 KB,"[8288, 11953, 16174]"
77,agrawal2_gradual_20K_8,HT_ECDD_F,0.8500925046252312,0.6227009201385172,00:00:06,116.39 KB,"[187, 989, 1853, 2861, 3595, 4730, 5746, 6875, 7433, 7952, 10345, 10736, 10875, 11192, 11408, 11550, 11855, 12017, 13251, 13529, 14900, 16028, 19349]"
78,agrawal2_gradual_20K_8,HT_EDDM_F,0.8409420471023551,0.6102116791824364,00:00:05,44.86 KB,"[85, 206, 281, 398, 493, 616, 687, 761, 9092, 10572, 11770, 11969, 12089, 16179, 19543]"
79,agrawal2_gradual_20K_8,HT_GMA_F,0.7388869443472174,0.4106084563111031,00:00:06,484.43 KB,[]
80,agrawal2_gradual_20K_8,HT_HDDMA_F,0.8689934496724836,0.6736112257439435,00:00:06,64.52 KB,"[8050, 12023, 16076, 19517]"
81,agrawal2_gradual_20K_8,HT_HDDMW_F,0.8674433721686085,0.6633114202798968,00:00:06,692.74 KB,"[2893, 8004, 12023, 16029]"
82,agrawal2_gradual_20K_8,HT_KSWIN1_F,0.7388869443472174,0.4106084563111031,00:00:16,485.37 KB,[]
83,agrawal2_gradual_20K_8,HT_KSWIN51_F,0.7388869443472174,0.4106084563111031,00:00:15,485.37 KB,[]
84,agrawal2_gradual_20K_8,HT_KSWIN101_F,0.7388869443472174,0.4106084563111031,00:00:19,485.37 KB,[]
85,agrawal2_gradual_20K_8,HT_KSWIN151_F,0.7388869443472174,0.4106084563111031,00:00:18,485.37 KB,[]
86,agrawal2_gradual_20K_8,HT_KSWIN201_F,0.7388869443472174,0.4106084563111031,00:00:17,485.37 KB,[]
87,agrawal2_gradual_20K_8,HT_PH_F,0.8123906195309766,0.5615895012168661,00:00:06,62.62 KB,"[10451, 12078, 16644]"
88,agrawal2_gradual_20K_8,HT_RDDM_F,0.8623931196559828,0.658418318541416,00:00:08,183.56 KB,"[8188, 11977, 16045]"
89,agrawal2_gradual_20K_8,HT_STEPD_F,0.8582929146457323,0.6418984159316016,00:00:08,53.49 KB,"[2905, 4872, 7962, 8203, 10579, 10639, 11619, 11967, 12347, 13532, 15985, 16427]"
90,agrawal2_gradual_20K_10,HT_basic_F,0.744187209360468,0.39841947156245683,00:00:06,502.48 KB,[]
91,agrawal2_gradual_20K_10,HT_ADWIN_F,0.8604430221511076,0.641792242935685,00:00:08,49.54 KB,"[4863, 8223, 12095, 13183, 16223]"
92,agrawal2_gradual_20K_10,HT_BOCD_F,0.8541927096354818,0.6290425553610108,00:10:28,129.12 MB,"[4499, 8144, 12052, 15023, 17092]"
93,agrawal2_gradual_20K_10,HT_CUSUM_F,0.8650432521626081,0.6547862339134125,00:00:06,42.49 KB,"[8387, 12054, 16139]"
94,agrawal2_gradual_20K_10,HT_DDM_F,0.8615430771538577,0.6463174494868899,00:00:06,44.07 KB,"[8478, 8607, 8650, 8804, 11676, 11857, 12013, 16119, 19450]"
95,agrawal2_gradual_20K_10,HT_ECDD_F,0.8543427171358567,0.6260486158668214,00:00:07,93.59 KB,"[168, 375, 1106, 3369, 4002, 5389, 6207, 7133, 7368, 7631, 7941, 10547, 11633, 11806, 12064, 14185, 14575, 15236, 15896, 19262]"
96,agrawal2_gradual_20K_10,HT_EDDM_F,0.847742387119356,0.621758191485925,00:00:04,39.13 KB,"[102, 193, 9172, 10771, 11777, 11978, 12066, 12234, 16289]"
97,agrawal2_gradual_20K_10,HT_GMA_F,0.744187209360468,0.39841947156245683,00:00:08,504.57 KB,[]
98,agrawal2_gradual_20K_10,HT_HDDMA_F,0.8573428671433572,0.6259945978360233,00:00:05,42.58 KB,"[427, 2380, 8169, 12017, 16054, 19495]"
99,agrawal2_gradual_20K_10,HT_HDDMW_F,0.863693184659233,0.6463876766351713,00:00:06,629.89 KB,"[1185, 4331, 8148, 12064, 16069]"
100,agrawal2_gradual_20K_10,HT_KSWIN1_F,0.7503375168758438,0.43348473897746653,00:00:19,187.7 KB,[12416]
101,agrawal2_gradual_20K_10,HT_KSWIN51_F,0.744187209360468,0.39841947156245683,00:00:18,505.51 KB,[]
102,agrawal2_gradual_20K_10,HT_KSWIN101_F,0.744187209360468,0.39841947156245683,00:00:20,505.51 KB,[]
103,agrawal2_gradual_20K_10,HT_KSWIN151_F,0.744187209360468,0.39841947156245683,00:00:17,505.51 KB,[]
104,agrawal2_gradual_20K_10,HT_KSWIN201_F,0.744187209360468,0.39841947156245683,00:00:16,505.51 KB,[]
105,agrawal2_gradual_20K_10,HT_PH_F,0.744187209360468,0.39841947156245683,00:00:05,504.65 KB,[]
106,agrawal2_gradual_20K_10,HT_RDDM_F,0.864043202160108,0.6531388962477059,00:00:05,96.33 KB,"[195, 8308, 11676, 11854, 12064, 16028, 19406]"
107,agrawal2_gradual_20K_10,HT_STEPD_F,0.8633431671583579,0.6468086476861776,00:00:12,55.42 KB,"[439, 1186, 4331, 7943, 11854, 12189, 12353, 15902, 15962, 19393]"
108,agrawal2_gradual_20K_12,HT_basic_F,0.7449872493624681,0.40785824634442447,00:00:05,460.86 KB,[]
109,agrawal2_gradual_20K_12,HT_ADWIN_F,0.8585429271463573,0.6440131606446146,00:00:08,49.54 KB,"[4959, 8287, 12031, 12991, 16287]"
110,agrawal2_gradual_20K_12,HT_BOCD_F,0.8704935246762339,0.6716261375791215,00:11:11,245.3 MB,"[4662, 8125, 12019, 15996]"
111,agrawal2_gradual_20K_12,HT_CUSUM_F,0.8704935246762339,0.6725056062193361,00:00:04,40.94 KB,"[8238, 12092, 16145]"
112,agrawal2_gradual_20K_12,HT_DDM_F,0.8655432771638581,0.6619303961352323,00:00:03,41.91 KB,"[8365, 8461, 11898, 11976, 16118, 19461]"
113,agrawal2_gradual_20K_12,HT_ECDD_F,0.8525926296314815,0.6252726284298007,00:00:04,65.19 KB,"[1133, 2238, 3963, 4797, 5572, 6280, 7218, 7321, 7976, 9748, 10387, 10877, 11227, 11689, 11745, 11905, 12141, 12551, 13479, 13764, 14382, 15516, 15995, 19247]"
114,agrawal2_gradual_20K_12,HT_EDDM_F,0.8450422521126056,0.6184280761879007,00:00:04,44.69 KB,"[67, 274, 337, 416, 9212, 10998, 11887, 12013, 12122, 16310]"
115,agrawal2_gradual_20K_12,HT_GMA_F,0.7449872493624681,0.40785824634442447,00:00:03,462.94 KB,[]
116,agrawal2_gradual_20K_12,HT_HDDMA_F,0.871643582179109,0.6740132994365565,00:00:04,42.49 KB,"[8132, 11996, 16023, 19506]"
117,agrawal2_gradual_20K_12,HT_HDDMW_F,0.8707435371768588,0.6695423206510906,00:00:04,630.21 KB,"[3283, 8010, 12022, 16030]"
118,agrawal2_gradual_20K_12,HT_KSWIN1_F,0.7449872493624681,0.40785824634442447,00:00:11,463.88 KB,[]
119,agrawal2_gradual_20K_12,HT_KSWIN51_F,0.7449872493624681,0.40785824634442447,00:00:12,463.88 KB,[]
120,agrawal2_gradual_20K_12,HT_KSWIN101_F,0.7449872493624681,0.40785824634442447,00:00:12,463.88 KB,[]
121,agrawal2_gradual_20K_12,HT_KSWIN151_F,0.7449872493624681,0.40785824634442447,00:00:12,463.88 KB,[]
122,agrawal2_gradual_20K_12,HT_KSWIN201_F,0.7449872493624681,0.40785824634442447,00:00:12,463.88 KB,[]
123,agrawal2_gradual_20K_12,HT_PH_F,0.8196409820491024,0.5707586722374669,00:00:03,41.02 KB,"[10434, 12134, 16543]"
124,agrawal2_gradual_20K_12,HT_RDDM_F,0.8709935496774839,0.6727475204977167,00:00:04,97.73 KB,"[8209, 11877, 12141, 16015, 19402]"
125,agrawal2_gradual_20K_12,HT_STEPD_F,0.8526926346317316,0.6241353964151672,00:00:07,51.44 KB,"[1887, 4911, 7953, 8310, 11871, 12145, 14304, 14404, 15701, 16031, 19382, 19442, 19502, 19562, 19622, 19682, 19742, 19802, 19862, 19922, 19982]"
126,agrawal2_gradual_20K_14,HT_basic_F,0.7393869693484674,0.3977972118442386,00:00:04,482.42 KB,[]
127,agrawal2_gradual_20K_14,HT_ADWIN_F,0.8622431121556078,0.6504949065141625,00:00:04,49.57 KB,"[4991, 8319, 12063, 12575, 16255]"
128,agrawal2_gradual_20K_14,HT_BOCD_F,0.863893194659733,0.6526405114183681,00:08:30,215.71 MB,"[4551, 8093, 12059, 13495, 16241]"
129,agrawal2_gradual_20K_14,HT_CUSUM_F,0.8729936496824842,0.6770293094662165,00:00:03,38.68 KB,"[4094, 8164, 12100, 16187]"
130,agrawal2_gradual_20K_14,HT_DDM_F,0.864093204660233,0.6575838056405947,00:00:03,41.88 KB,"[4243, 8091, 12102, 16175, 19525]"
131,agrawal2_gradual_20K_14,HT_ECDD_F,0.8472923646182309,0.6168721843276677,00:00:03,94.41 KB,"[869, 2247, 3200, 3485, 3883, 4240, 4720, 5069, 6305, 6645, 7558, 8053, 9089, 10081, 10207, 10290, 10526, 11577, 11866, 12014, 13050, 13817, 15134, 15575, 16067, 18626, 19331]"
132,agrawal2_gradual_20K_14,HT_EDDM_F,0.8456922846142307,0.6197174951232123,00:00:03,44.52 KB,"[9232, 10977, 11853, 12036, 16344]"
133,agrawal2_gradual_20K_14,HT_GMA_F,0.7393869693484674,0.3977972118442386,00:00:03,484.51 KB,[]
134,agrawal2_gradual_20K_14,HT_HDDMA_F,0.8698934946747338,0.6648602909541979,00:00:03,42.55 KB,"[3486, 8161, 12068, 16130, 19560]"
135,agrawal2_gradual_20K_14,HT_HDDMW_F,0.8703935196759838,0.6667163188170059,00:00:03,626.65 KB,"[1028, 3551, 8014, 12060, 16114]"
136,agrawal2_gradual_20K_14,HT_KSWIN1_F,0.7393869693484674,0.3977972118442386,00:00:10,485.45 KB,[]
137,agrawal2_gradual_20K_14,HT_KSWIN51_F,0.7393869693484674,0.3977972118442386,00:00:10,485.45 KB,[]
138,agrawal2_gradual_20K_14,HT_KSWIN101_F,0.7393869693484674,0.3977972118442386,00:00:10,485.45 KB,[]
139,agrawal2_gradual_20K_14,HT_KSWIN151_F,0.7393869693484674,0.3977972118442386,00:00:10,485.45 KB,[]
140,agrawal2_gradual_20K_14,HT_KSWIN201_F,0.7393869693484674,0.3977972118442386,00:00:10,485.45 KB,[]
141,agrawal2_gradual_20K_14,HT_PH_F,0.8066903345167258,0.5420198000687335,00:00:03,42.62 KB,"[10833, 12112, 16808]"
142,agrawal2_gradual_20K_14,HT_RDDM_F,0.8735436771838592,0.6776143711121404,00:00:04,97.79 KB,"[3896, 4088, 8050, 11868, 12014, 16107, 19497]"
143,agrawal2_gradual_20K_14,HT_STEPD_F,0.8616930846542327,0.6476997951563559,00:00:06,52.33 KB,"[935, 3564, 3628, 4068, 4282, 7869, 8500, 8560, 8620, 8680, 11825, 12028, 12347, 13087, 14200, 15888, 16142, 19541, 19601, 19661, 19721, 19781, 19841, 19901, 19961]"
144,agrawal2_gradual_20K_16,HT_basic_F,0.7512875643782189,0.409155637505487,00:00:03,447.18 KB,[]
145,agrawal2_gradual_20K_16,HT_ADWIN_F,0.8606930346517326,0.6475065688398295,00:00:04,69.49 KB,"[6143, 8191, 11999, 12895, 16223]"
146,agrawal2_gradual_20K_16,HT_BOCD_F,0.8574928746437321,0.6433401907634682,00:08:49,147.79 MB,"[5185, 8133, 12002, 15172, 16889]"
147,agrawal2_gradual_20K_16,HT_CUSUM_F,0.8667433371668584,0.6630596994945346,00:00:03,649.59 KB,"[8282, 12015, 16010]"
148,agrawal2_gradual_20K_16,HT_DDM_F,0.8627431371568578,0.6525586307988909,00:00:04,99.2 KB,"[8419, 11832, 11893, 16011]"
149,agrawal2_gradual_20K_16,HT_ECDD_F,0.8593429671483575,0.6428777771235782,00:00:03,153.32 KB,"[2221, 3128, 3975, 6750, 6894, 7297, 7899, 10641, 11733, 11926, 12126, 12559, 12753, 13577, 14285, 15343, 15885]"
150,agrawal2_gradual_20K_16,HT_EDDM_F,0.8412420621031051,0.6075732302341023,00:00:03,99.91 KB,"[9187, 10847, 11809, 11955, 12143, 12831, 16025]"
151,agrawal2_gradual_20K_16,HT_GMA_F,0.7512875643782189,0.409155637505487,00:00:03,449.27 KB,[]
152,agrawal2_gradual_20K_16,HT_HDDMA_F,0.8705435271763589,0.669209172788706,00:00:04,99.9 KB,"[8066, 11939, 15924]"
153,agrawal2_gradual_20K_16,HT_HDDMW_F,0.8726936346817341,0.674318721546237,00:00:04,101.53 KB,"[2918, 3991, 7941, 12126, 15886]"
154,agrawal2_gradual_20K_16,HT_KSWIN1_F,0.7512875643782189,0.409155637505487,00:00:12,450.21 KB,[]
155,agrawal2_gradual_20K_16,HT_KSWIN51_F,0.7512875643782189,0.409155637505487,00:00:11,450.21 KB,[]
156,agrawal2_gradual_20K_16,HT_KSWIN101_F,0.7512875643782189,0.409155637505487,00:00:11,450.21 KB,[]
157,agrawal2_gradual_20K_16,HT_KSWIN151_F,0.7512875643782189,0.409155637505487,00:00:11,450.21 KB,[]
158,agrawal2_gradual_20K_16,HT_KSWIN201_F,0.7512875643782189,0.409155637505487,00:00:10,450.21 KB,[]
159,agrawal2_gradual_20K_16,HT_PH_F,0.8195909795489774,0.5688493057039237,00:00:04,60.97 KB,"[10140, 12025, 16545]"
160,agrawal2_gradual_20K_16,HT_RDDM_F,0.8619930996549827,0.6526908561375735,00:00:03,207.01 KB,"[8237, 11910, 12172, 15781]"
161,agrawal2_gradual_20K_16,HT_STEPD_F,0.8687934396719836,0.6678554004032468,00:00:07,142.22 KB,"[3132, 3194, 3254, 3422, 3740, 4281, 7845, 8452, 9045, 11635, 11896, 12148, 15339, 16010]"
162,agrawal2_gradual_20K_18,HT_basic_F,0.7323366168308415,0.3745914859067694,00:00:03,2.12 MB,[]
163,agrawal2_gradual_20K_18,HT_ADWIN_F,0.856292814640732,0.6346812126576654,00:00:04,69.49 KB,"[6143, 8287, 12063, 12607, 16223]"
164,agrawal2_gradual_20K_18,HT_BOCD_F,0.8581929096454822,0.6365206617895194,00:08:09,208.79 MB,"[4464, 8116, 12055, 14656, 16302]"
165,agrawal2_gradual_20K_18,HT_CUSUM_F,0.8684934246712336,0.6636492018802208,00:00:03,62.51 KB,"[4118, 8116, 12074, 16207]"
166,agrawal2_gradual_20K_18,HT_DDM_F,0.8659432971648583,0.6577284512705138,00:00:03,62.14 KB,"[4197, 8084, 11941, 12089, 16174, 19476, 19957]"
167,agrawal2_gradual_20K_18,HT_ECDD_F,0.8441922096104805,0.603473254206257,00:00:03,63.41 KB,"[320, 1619, 2826, 3000, 3914, 4554, 5119, 6209, 6594, 6799, 7681, 7882, 11281, 11778, 12052, 12540, 13025, 13190, 14195, 14723, 15116, 15773, 19148, 19298, 19957]"
168,agrawal2_gradual_20K_18,HT_EDDM_F,0.8330416520826042,0.5885819903598302,00:00:03,41.9 KB,"[85, 9361, 10733, 11801, 11997, 12090, 12172, 16283, 19589]"
169,agrawal2_gradual_20K_18,HT_GMA_F,0.7323366168308415,0.3745914859067694,00:00:04,2.12 MB,[]
170,agrawal2_gradual_20K_18,HT_HDDMA_F,0.8663433171658583,0.6563376723075258,00:00:04,357.26 KB,"[4196, 8069, 12000, 16056]"
171,agrawal2_gradual_20K_18,HT_HDDMW_F,0.8627931396569829,0.6439415949372297,00:00:04,330.26 KB,"[2827, 8063, 12068, 16057]"
172,agrawal2_gradual_20K_18,HT_KSWIN1_F,0.7966898344917246,0.5100582680228793,00:00:11,229.89 KB,[8295]
173,agrawal2_gradual_20K_18,HT_KSWIN51_F,0.7323366168308415,0.3745914859067694,00:00:11,2.12 MB,[]
174,agrawal2_gradual_20K_18,HT_KSWIN101_F,0.7323366168308415,0.3745914859067694,00:00:09,2.12 MB,[]
175,agrawal2_gradual_20K_18,HT_KSWIN151_F,0.7323366168308415,0.3745914859067694,00:00:10,2.12 MB,[]
176,agrawal2_gradual_20K_18,HT_KSWIN201_F,0.7806890344517226,0.45984048831482077,00:00:11,63.36 KB,[16281]
177,agrawal2_gradual_20K_18,HT_PH_F,0.7998399919996,0.5227238022941583,00:00:03,40.85 KB,"[10748, 12087, 16762]"
178,agrawal2_gradual_20K_18,HT_RDDM_F,0.8657432871643582,0.6571401606466142,00:00:03,155.29 KB,"[3570, 8085, 8296, 11778, 11964, 16025]"
179,agrawal2_gradual_20K_18,HT_STEPD_F,0.8666433321666084,0.6563254545988414,00:00:06,165.58 KB,"[2827, 2901, 3284, 4723, 5034, 7963, 8382, 11763, 12059, 12309, 12543, 15597, 15960]"
180,agrawal2_gradual_20K_20,HT_basic_F,0.736236811840592,0.39237709490846834,00:00:02,407.04 KB,[]
181,agrawal2_gradual_20K_20,HT_ADWIN_F,0.8611430571528577,0.6480634190252197,00:00:04,49.57 KB,"[4895, 8223, 12095, 13631, 16287]"
182,agrawal2_gradual_20K_20,HT_BOCD_F,0.8708435421771089,0.6723567183959839,00:10:20,245.13 MB,"[4705, 8120, 12079, 15993]"
183,agrawal2_gradual_20K_20,HT_CUSUM_F,0.8666933346667334,0.661620390835552,00:00:03,624.8 KB,"[8269, 12088, 16068]"
184,agrawal2_gradual_20K_20,HT_DDM_F,0.8621931096554828,0.6525685263109736,00:00:04,79.23 KB,"[8370, 12044, 12173, 16057]"
185,agrawal2_gradual_20K_20,HT_ECDD_F,0.8513925696284814,0.6226127187854065,00:00:04,45.11 KB,"[1120, 1403, 1949, 2708, 2928, 4098, 5808, 6932, 7990, 10799, 10928, 11052, 11259, 11396, 11708, 12015, 14607, 15488, 16127, 18119, 18850, 19172, 19294, 19428]"
186,agrawal2_gradual_20K_20,HT_EDDM_F,0.8469423471173558,0.6230215547433726,00:00:03,42.38 KB,"[9172, 10724, 11682, 12008, 16152, 19487]"
187,agrawal2_gradual_20K_20,HT_GMA_F,0.736236811840592,0.39237709490846834,00:00:03,409.13 KB,[]
188,agrawal2_gradual_20K_20,HT_HDDMA_F,0.8700935046752337,0.6692520364265164,00:00:04,44.51 KB,"[8132, 12084, 16112]"
189,agrawal2_gradual_20K_20,HT_HDDMW_F,0.8697434871743587,0.6700825866372726,00:00:04,46.2 KB,"[1120, 4098, 8119, 12101, 16104]"
190,agrawal2_gradual_20K_20,HT_KSWIN1_F,0.736236811840592,0.39237709490846834,00:00:12,410.07 KB,[]
191,agrawal2_gradual_20K_20,HT_KSWIN51_F,0.736236811840592,0.39237709490846834,00:00:13,410.07 KB,[]
192,agrawal2_gradual_20K_20,HT_KSWIN101_F,0.736236811840592,0.39237709490846834,00:00:11,410.07 KB,[]
193,agrawal2_gradual_20K_20,HT_KSWIN151_F,0.736236811840592,0.39237709490846834,00:00:11,410.07 KB,[]
194,agrawal2_gradual_20K_20,HT_KSWIN201_F,0.736236811840592,0.39237709490846834,00:00:11,410.07 KB,[]
195,agrawal2_gradual_20K_20,HT_PH_F,0.8229411470573529,0.575340769942803,00:00:04,40.97 KB,"[10153, 12118, 16361]"
196,agrawal2_gradual_20K_20,HT_RDDM_F,0.8736436821841093,0.6790294031960834,00:00:03,155.12 KB,"[4098, 8047, 11715, 11900, 12046, 15993]"
197,agrawal2_gradual_20K_20,HT_STEPD_F,0.8585929296464824,0.6381027450293941,00:00:06,145.8 KB,"[828, 3445, 3578, 4318, 5812, 7990, 11708, 12015, 12159, 12565, 13830, 14665, 15996]"
198,agrawal2_gradual_20K_22,HT_basic_F,0.7455372768638432,0.4165111989901848,00:00:03,1.02 MB,[]
199,agrawal2_gradual_20K_22,HT_ADWIN_F,0.8532426621331066,0.6350802806018592,00:00:03,47.41 KB,"[5375, 8255, 11999, 13023, 16383]"
200,agrawal2_gradual_20K_22,HT_BOCD_F,0.8613930696534827,0.654032906785252,00:08:49,215.71 MB,"[4715, 8044, 11949, 14515, 16241]"
201,agrawal2_gradual_20K_22,HT_CUSUM_F,0.8681434071703585,0.6702978107974089,00:00:04,626.18 KB,"[4025, 8131, 12006, 16146]"
202,agrawal2_gradual_20K_22,HT_DDM_F,0.8612930646532326,0.6496069919810307,00:00:04,79.34 KB,"[64, 4085, 8103, 11807, 11942, 12318, 16138]"
203,agrawal2_gradual_20K_22,HT_ECDD_F,0.847742387119356,0.6138865157502902,00:00:04,65 KB,"[59, 1076, 1828, 2149, 2968, 3286, 7938, 10578, 10968, 11377, 11694, 11933, 12145, 13668, 14028, 14107, 15945, 19280]"
204,agrawal2_gradual_20K_22,HT_EDDM_F,0.8395919795989799,0.6073740168453047,00:00:03,42.69 KB,"[68, 466, 576, 793, 840, 998, 1079, 1140, 1231, 1298, 8923, 11719, 11949, 16383, 19694]"
205,agrawal2_gradual_20K_22,HT_GMA_F,0.7455372768638432,0.4165111989901848,00:00:05,1.02 MB,[]
206,agrawal2_gradual_20K_22,HT_HDDMA_F,0.864343217160858,0.6551949952959345,00:00:04,629.33 KB,"[64, 3634, 7946, 11946, 16010]"
207,agrawal2_gradual_20K_22,HT_HDDMW_F,0.8637431871593579,0.6565986869252485,00:00:04,81.58 KB,"[3504, 6116, 7981, 12143, 15950]"
208,agrawal2_gradual_20K_22,HT_KSWIN1_F,0.7455372768638432,0.4165111989901848,00:00:13,1.02 MB,[]
209,agrawal2_gradual_20K_22,HT_KSWIN51_F,0.7455372768638432,0.4165111989901848,00:00:13,1.02 MB,[]
210,agrawal2_gradual_20K_22,HT_KSWIN101_F,0.7455372768638432,0.4165111989901848,00:00:13,1.02 MB,[]
211,agrawal2_gradual_20K_22,HT_KSWIN151_F,0.7455372768638432,0.4165111989901848,00:00:13,1.02 MB,[]
212,agrawal2_gradual_20K_22,HT_KSWIN201_F,0.7455372768638432,0.4165111989901848,00:00:12,1.02 MB,[]
213,agrawal2_gradual_20K_22,HT_PH_F,0.8089904495224761,0.5533082092888894,00:00:03,42.57 KB,"[10617, 12010, 16931]"
214,agrawal2_gradual_20K_22,HT_RDDM_F,0.8669433471673583,0.6643363599593147,00:00:04,135.17 KB,"[3810, 8005, 11786, 11943, 12148, 15967]"
215,agrawal2_gradual_20K_22,HT_STEPD_F,0.8539926996349817,0.6263329718094697,00:00:08,104.42 KB,"[70, 162, 431, 1103, 1176, 1872, 3617, 4421, 4550, 7891, 8174, 11554, 11789, 11947, 12148, 13677, 15846, 16411]"
216,agrawal2_gradual_20K_24,HT_basic_F,0.7410870543527176,0.41069243129514416,00:00:03,537.64 KB,[]
217,agrawal2_gradual_20K_24,HT_ADWIN_F,0.856342817140857,0.6443958944994262,00:00:04,48.47 KB,"[4863, 8383, 12063, 13983, 16255, 19327]"
218,agrawal2_gradual_20K_24,HT_BOCD_F,0.8677433871693585,0.6686402828542786,00:08:51,229.84 MB,"[4604, 8046, 12007, 14079, 16120]"
219,agrawal2_gradual_20K_24,HT_CUSUM_F,0.8669433471673583,0.6690546255513785,00:00:04,38.49 KB,"[8234, 12041, 16193]"
220,agrawal2_gradual_20K_24,HT_DDM_F,0.8694434721736087,0.6740208990020491,00:00:03,79.29 KB,"[8337, 8377, 11874, 11930, 16066]"
221,agrawal2_gradual_20K_24,HT_ECDD_F,0.855792789639482,0.64064937754843,00:00:04,44.79 KB,"[1159, 3282, 5757, 6457, 6813, 7928, 10985, 11715, 11875, 12047, 15118, 15515, 16032, 19081, 19545]"
222,agrawal2_gradual_20K_24,HT_EDDM_F,0.8472423621181059,0.6297327796937388,00:00:04,44.69 KB,"[132, 186, 274, 8991, 10509, 11829, 11984, 12063, 16391]"
223,agrawal2_gradual_20K_24,HT_GMA_F,0.7410870543527176,0.41069243129514416,00:00:03,539.73 KB,[]
224,agrawal2_gradual_20K_24,HT_HDDMA_F,0.8732436621831091,0.6806359054866074,00:00:05,44.54 KB,"[8071, 12026, 16050, 19509]"
225,agrawal2_gradual_20K_24,HT_HDDMW_F,0.8692934646732337,0.6716238905037297,00:00:04,691.89 KB,"[3591, 8028, 12046, 16050]"
226,agrawal2_gradual_20K_24,HT_KSWIN1_F,0.7410870543527176,0.41069243129514416,00:00:12,540.67 KB,[]
227,agrawal2_gradual_20K_24,HT_KSWIN51_F,0.7410870543527176,0.41069243129514416,00:00:13,540.67 KB,[]
228,agrawal2_gradual_20K_24,HT_KSWIN101_F,0.7410870543527176,0.41069243129514416,00:00:12,540.67 KB,[]
229,agrawal2_gradual_20K_24,HT_KSWIN151_F,0.7410870543527176,0.41069243129514416,00:00:11,540.67 KB,[]
230,agrawal2_gradual_20K_24,HT_KSWIN201_F,0.7410870543527176,0.41069243129514416,00:00:12,540.67 KB,[]
231,agrawal2_gradual_20K_24,HT_PH_F,0.8128406420321016,0.5613090863238794,00:00:03,42.64 KB,"[10419, 12077, 16668]"
232,agrawal2_gradual_20K_24,HT_RDDM_F,0.8708435421771089,0.6757104044027546,00:00:04,155.15 KB,"[8222, 11816, 12045, 15997]"
233,agrawal2_gradual_20K_24,HT_STEPD_F,0.8545427271363568,0.6337561914933955,00:00:07,55.73 KB,"[472, 562, 3002, 4559, 7946, 11897, 12237, 12409, 12817, 13765, 13840, 15522, 15946, 19363, 19423, 19483, 19543]"
234,agrawal2_gradual_20K_26,HT_basic_F,0.7418370918545927,0.41076694582412504,00:00:02,462.3 KB,[]
235,agrawal2_gradual_20K_26,HT_ADWIN_F,0.8601930096504825,0.6474958579637851,00:00:05,49.57 KB,"[5407, 7167, 8319, 11999, 14527, 16287]"
236,agrawal2_gradual_20K_26,HT_BOCD_F,0.8686934346717335,0.6659258356438316,00:09:33,165.05 MB,"[4794, 8150, 12035, 15884, 16712]"
237,agrawal2_gradual_20K_26,HT_CUSUM_F,0.8703435171758588,0.6720518454662142,00:00:04,42.49 KB,"[8298, 12042, 16146]"
238,agrawal2_gradual_20K_26,HT_DDM_F,0.863693184659233,0.6576128152159147,00:00:04,77.64 KB,"[8404, 11928, 12159, 16133]"
239,agrawal2_gradual_20K_26,HT_ECDD_F,0.8519425971298565,0.6240865288671135,00:00:06,65.05 KB,"[638, 922, 1992, 3141, 3754, 4015, 5394, 6699, 7466, 7753, 11135, 11703, 11884, 12151, 13595, 14663, 15398, 15855, 19244]"
240,agrawal2_gradual_20K_26,HT_EDDM_F,0.8549427471373569,0.6440725524873379,00:00:04,44.58 KB,"[85, 157, 770, 8820, 11808, 12099, 12177, 16311]"
241,agrawal2_gradual_20K_26,HT_GMA_F,0.7418370918545927,0.41076694582412504,00:00:03,464.39 KB,[]
242,agrawal2_gradual_20K_26,HT_HDDMA_F,0.8703435171758588,0.6692908615923574,00:00:03,78.33 KB,"[8205, 11967, 12286, 16074]"
243,agrawal2_gradual_20K_26,HT_HDDMW_F,0.8705935296764838,0.6725931037170133,00:00:04,46.06 KB,"[3758, 8150, 12145, 16146]"
244,agrawal2_gradual_20K_26,HT_KSWIN1_F,0.7418370918545927,0.41076694582412504,00:00:14,465.33 KB,[]
245,agrawal2_gradual_20K_26,HT_KSWIN51_F,0.7418370918545927,0.41076694582412504,00:00:13,465.33 KB,[]
246,agrawal2_gradual_20K_26,HT_KSWIN101_F,0.7418370918545927,0.41076694582412504,00:00:14,465.33 KB,[]
247,agrawal2_gradual_20K_26,HT_KSWIN151_F,0.7418370918545927,0.41076694582412504,00:00:12,465.33 KB,[]
248,agrawal2_gradual_20K_26,HT_KSWIN201_F,0.7418370918545927,0.41076694582412504,00:00:14,465.33 KB,[]
249,agrawal2_gradual_20K_26,HT_PH_F,0.8176408820441022,0.5673097848032133,00:00:04,42.62 KB,"[10299, 12099, 16674]"
250,agrawal2_gradual_20K_26,HT_RDDM_F,0.8764438221911095,0.6866795417676642,00:00:04,135.1 KB,"[4005, 8042, 11850, 12110, 16051]"
251,agrawal2_gradual_20K_26,HT_STEPD_F,0.8612930646532326,0.6519687240496554,00:00:07,55.38 KB,"[2221, 4173, 7887, 11883, 12153, 15869, 16248]"
252,agrawal2_gradual_20K_28,HT_basic_F,0.7466873343667183,0.41639887566951,00:00:04,462.28 KB,[]
253,agrawal2_gradual_20K_28,HT_ADWIN_F,0.8573928696434822,0.640277280870861,00:00:05,49.54 KB,"[5375, 8255, 11999, 13023, 16447]"
254,agrawal2_gradual_20K_28,HT_BOCD_F,0.8658932946647332,0.657345766997346,00:09:19,221.36 MB,"[4778, 8047, 11921, 14711, 16192]"
255,agrawal2_gradual_20K_28,HT_CUSUM_F,0.8727436371818591,0.6769741356250845,00:00:04,42.54 KB,"[8255, 12051, 16203]"
256,agrawal2_gradual_20K_28,HT_DDM_F,0.863993199659983,0.6557599293482802,00:00:06,119.38 KB,"[8349, 8425, 11802, 11876, 16212]"
257,agrawal2_gradual_20K_28,HT_ECDD_F,0.8544427221361068,0.626786170214287,00:00:05,71.74 KB,"[1736, 2950, 3977, 5628, 6310, 7567, 7926, 10575, 11412, 11878, 12874, 13639, 15585, 15928, 16018, 19417, 19562]"
258,agrawal2_gradual_20K_28,HT_EDDM_F,0.8468923446172308,0.6203932723976626,00:00:05,98.47 KB,"[87, 9148, 11553, 11921, 12051, 12148, 12255, 16310]"
259,agrawal2_gradual_20K_28,HT_GMA_F,0.7466873343667183,0.41639887566951,00:00:05,464.37 KB,[]
260,agrawal2_gradual_20K_28,HT_HDDMA_F,0.8749937496874843,0.6788713392007071,00:00:04,99.99 KB,"[8166, 12021, 16095]"
261,agrawal2_gradual_20K_28,HT_HDDMW_F,0.8735936796839842,0.6760572514910345,00:00:05,101.62 KB,"[4003, 8048, 12134, 15998]"
262,agrawal2_gradual_20K_28,HT_KSWIN1_F,0.7466873343667183,0.41639887566951,00:00:15,465.31 KB,[]
263,agrawal2_gradual_20K_28,HT_KSWIN51_F,0.7466873343667183,0.41639887566951,00:00:15,465.31 KB,[]
264,agrawal2_gradual_20K_28,HT_KSWIN101_F,0.7466873343667183,0.41639887566951,00:00:13,465.31 KB,[]
265,agrawal2_gradual_20K_28,HT_KSWIN151_F,0.7466873343667183,0.41639887566951,00:00:13,465.31 KB,[]
266,agrawal2_gradual_20K_28,HT_KSWIN201_F,0.7466873343667183,0.41639887566951,00:00:14,465.31 KB,[]
267,agrawal2_gradual_20K_28,HT_PH_F,0.8228411420571029,0.5748060159472039,00:00:03,42.62 KB,"[10320, 12084, 16622]"
268,agrawal2_gradual_20K_28,HT_RDDM_F,0.8702435121756088,0.6718958753055497,00:00:04,97.76 KB,"[8234, 11931, 12145, 16026, 16197]"
269,agrawal2_gradual_20K_28,HT_STEPD_F,0.8586429321466074,0.6386757698254169,00:00:09,57.18 KB,"[948, 4263, 5958, 7914, 8375, 10596, 10656, 11312, 11878, 15937, 16590, 16650, 16710, 16770, 16830, 16890, 16950, 17010, 17070, 17130, 17190, 17250, 17310, 17370, 17430, 17490, 17550, 17610, 17670, 17730, 17790, 17850, 17910, 17970, 18030, 18090, 18150, 18210, 18270, 18330, 18390, 18450, 18510, 18570, 18630, 18690, 18750, 18810, 18870, 18930, 18990, 19050, 19110, 19170, 19230, 19290, 19350, 19410]"
270,agrawal2_gradual_20K_30,HT_basic_F,0.7465873293664683,0.4194728419241387,00:00:03,482.47 KB,[]
271,agrawal2_gradual_20K_30,HT_ADWIN_F,0.8630931546577328,0.6556719364909586,00:00:05,49.48 KB,"[5055, 8287, 11999, 16319]"
272,agrawal2_gradual_20K_30,HT_BOCD_F,0.8727936396819841,0.6793846458577821,00:11:10,243.03 MB,"[4700, 8084, 12021, 16010]"
273,agrawal2_gradual_20K_30,HT_CUSUM_F,0.8725936296814841,0.6778284053071751,00:00:03,42.54 KB,"[8271, 12011, 16058]"
274,agrawal2_gradual_20K_30,HT_DDM_F,0.8590429521476074,0.6473676823516895,00:00:05,99.15 KB,"[8350, 11958, 16174]"
275,agrawal2_gradual_20K_30,HT_ECDD_F,0.8511925596279813,0.6244330103089585,00:00:04,43.8 KB,"[1031, 1796, 2317, 2816, 3402, 3963, 4807, 6101, 6727, 6916, 7828, 9638, 9826, 10013, 10569, 10674, 10731, 11376, 11962, 12141, 12810, 12868, 13743, 14377, 14692, 15549, 15723, 16136, 16444, 17806, 19173, 19356]"
276,agrawal2_gradual_20K_30,HT_EDDM_F,0.848742437121856,0.6239944682034848,00:00:03,44.77 KB,"[70, 188, 298, 359, 629, 930, 1027, 1077, 8946, 10825, 11728, 11980, 16317]"
277,agrawal2_gradual_20K_30,HT_GMA_F,0.7465873293664683,0.4194728419241387,00:00:05,484.55 KB,[]
278,agrawal2_gradual_20K_30,HT_HDDMA_F,0.8732936646832342,0.6784724607345948,00:00:05,44.51 KB,"[1036, 8182, 11973, 16075]"
279,agrawal2_gradual_20K_30,HT_HDDMW_F,0.8728936446822341,0.674467821123136,00:00:05,46.11 KB,"[3502, 8095, 12089, 16023]"
280,agrawal2_gradual_20K_30,HT_KSWIN1_F,0.7465873293664683,0.4194728419241387,00:00:13,485.49 KB,[]
281,agrawal2_gradual_20K_30,HT_KSWIN51_F,0.7719885994299714,0.4474631711245227,00:00:15,936.3 KB,[3671]
282,agrawal2_gradual_20K_30,HT_KSWIN101_F,0.7465873293664683,0.4194728419241387,00:00:13,485.49 KB,[]
283,agrawal2_gradual_20K_30,HT_KSWIN151_F,0.7465873293664683,0.4194728419241387,00:00:13,485.49 KB,[]
284,agrawal2_gradual_20K_30,HT_KSWIN201_F,0.7465873293664683,0.4194728419241387,00:00:12,485.49 KB,[]
285,agrawal2_gradual_20K_30,HT_PH_F,0.8189409470473523,0.5684149158233207,00:00:05,42.62 KB,"[10398, 12055, 16646]"
286,agrawal2_gradual_20K_30,HT_RDDM_F,0.8703935196759838,0.6714483630186299,00:00:05,149.18 KB,"[4041, 8065, 11612, 11970, 12168, 14747, 15682, 16162]"
287,agrawal2_gradual_20K_30,HT_STEPD_F,0.863893194659733,0.6555552671681479,00:00:08,165.72 KB,"[1036, 1167, 2575, 2643, 3982, 4359, 6488, 7992, 11612, 11975, 14694, 15858]"
288,agrawal2_gradual_20K_32,HT_basic_F,0.7456872843642182,0.41712868252037494,00:00:04,427.23 KB,[]
289,agrawal2_gradual_20K_32,HT_ADWIN_F,0.8618930946547327,0.6526948012112126,00:00:05,49.54 KB,"[4927, 8255, 11999, 12767, 16223]"
290,agrawal2_gradual_20K_32,HT_BOCD_F,0.8658932946647332,0.6604937323718031,00:11:33,228.28 MB,"[4648, 8077, 11977, 14350, 16133]"
291,agrawal2_gradual_20K_32,HT_CUSUM_F,0.872493624681234,0.677203213105182,00:00:04,42.57 KB,"[4080, 8086, 12012, 16107]"
292,agrawal2_gradual_20K_32,HT_DDM_F,0.8696934846742337,0.6727466826301265,00:00:06,128.87 KB,"[8248, 8399, 8485, 11775, 11955, 12070, 16065]"
293,agrawal2_gradual_20K_32,HT_ECDD_F,0.8539426971348567,0.6301774712082847,00:00:07,114.31 KB,"[946, 2223, 3276, 3463, 4078, 5814, 6211, 7205, 7796, 10926, 10959, 11012, 11250, 11549, 11776, 11955, 12358, 12915, 13177, 13679, 13937, 14175, 15779, 19138]"
294,agrawal2_gradual_20K_32,HT_EDDM_F,0.855842792139607,0.6426158141186494,00:00:04,44.67 KB,"[95, 257, 357, 8941, 11218, 11854, 11969, 12037, 16202]"
295,agrawal2_gradual_20K_32,HT_GMA_F,0.7456872843642182,0.41712868252037494,00:00:07,429.32 KB,[]
296,agrawal2_gradual_20K_32,HT_HDDMA_F,0.871643582179109,0.6740498304444211,00:00:08,44.6 KB,"[3478, 4086, 5715, 8069, 11976, 16030]"
297,agrawal2_gradual_20K_32,HT_HDDMW_F,0.8728936446822341,0.6785032462234668,00:00:05,46.17 KB,"[3438, 4087, 8060, 12042, 16021]"
298,agrawal2_gradual_20K_32,HT_KSWIN1_F,0.7456872843642182,0.41712868252037494,00:00:16,430.26 KB,[]
299,agrawal2_gradual_20K_32,HT_KSWIN51_F,0.7456872843642182,0.41712868252037494,00:00:18,430.26 KB,[]
300,agrawal2_gradual_20K_32,HT_KSWIN101_F,0.7456872843642182,0.41712868252037494,00:00:16,430.26 KB,[]
301,agrawal2_gradual_20K_32,HT_KSWIN151_F,0.7456872843642182,0.41712868252037494,00:00:17,430.26 KB,[]
302,agrawal2_gradual_20K_32,HT_KSWIN201_F,0.7456872843642182,0.41712868252037494,00:00:16,430.26 KB,[]
303,agrawal2_gradual_20K_32,HT_PH_F,0.8234411720586029,0.5799351993554306,00:00:06,42.62 KB,"[9978, 12021, 16605]"
304,agrawal2_gradual_20K_32,HT_RDDM_F,0.8726936346817341,0.6754981346327925,00:00:06,64.31 KB,"[3671, 8062, 11775, 11926, 16033]"
305,agrawal2_gradual_20K_32,HT_STEPD_F,0.8634431721586079,0.6559629078478789,00:00:11,50.91 KB,"[1298, 2058, 2135, 4091, 4334, 7997, 8251, 11255, 11315, 11776, 11977, 12254, 13947, 15924, 16197]"
306,agrawal2_gradual_20K_34,HT_basic_F,0.7368868443422171,0.3957456922678659,00:00:04,442.38 KB,[]
307,agrawal2_gradual_20K_34,HT_ADWIN_F,0.8565928296414821,0.6409027510140467,00:00:07,49.47 KB,"[5055, 8319, 11967, 12991, 16287]"
308,agrawal2_gradual_20K_34,HT_BOCD_F,0.8630931546577328,0.6541487737394589,00:12:42,240.08 MB,"[4380, 8023, 11908, 12695, 16039]"
309,agrawal2_gradual_20K_34,HT_CUSUM_F,0.8645932296614831,0.6589433842520973,00:00:06,627.47 KB,"[4283, 8120, 12050, 16077]"
310,agrawal2_gradual_20K_34,HT_DDM_F,0.8607930396519826,0.6482614833585248,00:00:06,174.08 KB,"[4394, 4487, 4576, 7879, 11989, 12335, 15999]"
311,agrawal2_gradual_20K_34,HT_ECDD_F,0.8418420921046053,0.6055666998892222,00:00:08,41.24 KB,"[329, 919, 1684, 2358, 2892, 3889, 5043, 5566, 6140, 6560, 7909, 10702, 11687, 12024, 12418, 13041, 13149, 13902, 14140, 14866, 15688, 16124, 17895, 18329, 18593]"
312,agrawal2_gradual_20K_34,HT_EDDM_F,0.8522426121306065,0.6380573060857987,00:00:06,181.44 KB,"[67, 159, 329, 470, 600, 8808, 10407, 11711, 11927, 12053, 12196, 12315, 16090]"
313,agrawal2_gradual_20K_34,HT_GMA_F,0.7368868443422171,0.3957456922678659,00:00:06,444.47 KB,[]
314,agrawal2_gradual_20K_34,HT_HDDMA_F,0.8652932646632332,0.6571996265452382,00:00:07,79.92 KB,"[4380, 8023, 11985, 16023]"
315,agrawal2_gradual_20K_34,HT_HDDMW_F,0.8660433021651083,0.6610278699321299,00:00:08,631.78 KB,"[3991, 8085, 12077, 16040]"
316,agrawal2_gradual_20K_34,HT_KSWIN1_F,0.7368868443422171,0.3957456922678659,00:00:17,445.41 KB,[]
317,agrawal2_gradual_20K_34,HT_KSWIN51_F,0.7368868443422171,0.3957456922678659,00:00:17,445.41 KB,[]
318,agrawal2_gradual_20K_34,HT_KSWIN101_F,0.7368868443422171,0.3957456922678659,00:00:15,445.41 KB,[]
319,agrawal2_gradual_20K_34,HT_KSWIN151_F,0.7368868443422171,0.3957456922678659,00:00:18,445.41 KB,[]
320,agrawal2_gradual_20K_34,HT_KSWIN201_F,0.7417870893544677,0.4211863755031763,00:00:17,174.04 KB,[12689]
321,agrawal2_gradual_20K_34,HT_PH_F,0.8115405770288514,0.5505797867284153,00:00:05,42.62 KB,"[10286, 12054, 16634]"
322,agrawal2_gradual_20K_34,HT_RDDM_F,0.8677933896694835,0.6628575571834416,00:00:08,135.14 KB,"[4014, 8040, 11834, 12066, 15964]"
323,agrawal2_gradual_20K_34,HT_STEPD_F,0.8503925196259813,0.6280731217953112,00:00:10,53.85 KB,"[416, 3882, 7958, 8771, 10724, 11688, 11874, 12077, 12182, 15935, 16395]"
324,agrawal2_gradual_20K_36,HT_basic_F,0.7497874893744687,0.42099749947280823,00:00:05,447.19 KB,[]
325,agrawal2_gradual_20K_36,HT_ADWIN_F,0.8613430671533576,0.6517110118727453,00:00:08,49.03 KB,"[5023, 8287, 12095, 13183, 16223, 18239]"
326,agrawal2_gradual_20K_36,HT_BOCD_F,0.8680434021701086,0.6641593980977326,00:14:35,233.71 MB,"[4728, 8124, 12091, 16092]"
327,agrawal2_gradual_20K_36,HT_CUSUM_F,0.8694434721736087,0.6710130688875307,00:00:08,39.92 KB,"[8293, 12108, 16182]"
328,agrawal2_gradual_20K_36,HT_DDM_F,0.8678933946697335,0.6672017570811877,00:00:06,38.55 KB,"[8385, 11907, 12087, 16158, 16195]"
329,agrawal2_gradual_20K_36,HT_ECDD_F,0.8520426021301065,0.6201169922276403,00:00:07,39.89 KB,"[128, 733, 1895, 2062, 2678, 3724, 5275, 6974, 7764, 8066, 9465, 10217, 11036, 11270, 11372, 11636, 11876, 12081, 12655, 13301, 13783, 14872, 15653, 16093, 16195, 18307, 18611, 19397]"
330,agrawal2_gradual_20K_36,HT_EDDM_F,0.8304915245762288,0.5738047422691038,00:00:06,45.06 KB,"[80, 895, 982, 1079, 1153, 1460, 1536, 1612, 1700, 1793, 1889, 1962, 2047, 2136, 2213, 9040, 10898, 11907, 12075, 12187, 16346]"
331,agrawal2_gradual_20K_36,HT_GMA_F,0.7497874893744687,0.42099749947280823,00:00:07,449.27 KB,[]
332,agrawal2_gradual_20K_36,HT_HDDMA_F,0.872043602180109,0.6750872830746021,00:00:07,42.49 KB,"[8131, 12087, 16144, 19598]"
333,agrawal2_gradual_20K_36,HT_HDDMW_F,0.8680434021701086,0.658825271761554,00:00:06,630.42 KB,"[1898, 3961, 8105, 12112, 16093]"
334,agrawal2_gradual_20K_36,HT_KSWIN1_F,0.7497874893744687,0.42099749947280823,00:00:18,450.21 KB,[]
335,agrawal2_gradual_20K_36,HT_KSWIN51_F,0.7497874893744687,0.42099749947280823,00:00:18,450.21 KB,[]
336,agrawal2_gradual_20K_36,HT_KSWIN101_F,0.7497874893744687,0.42099749947280823,00:00:20,450.21 KB,[]
337,agrawal2_gradual_20K_36,HT_KSWIN151_F,0.7497874893744687,0.42099749947280823,00:00:21,450.21 KB,[]
338,agrawal2_gradual_20K_36,HT_KSWIN201_F,0.7497874893744687,0.42099749947280823,00:00:17,450.21 KB,[]
339,agrawal2_gradual_20K_36,HT_PH_F,0.8166908345417271,0.5650397775350796,00:00:05,42.64 KB,"[10283, 12131, 16673]"
340,agrawal2_gradual_20K_36,HT_RDDM_F,0.8673433671683585,0.6658351596539758,00:00:06,175.15 KB,"[8274, 11874, 12081, 16092]"
341,agrawal2_gradual_20K_36,HT_STEPD_F,0.8659932996649833,0.6503189426859357,00:00:10,51.82 KB,"[67, 257, 1560, 2443, 3705, 4553, 5275, 5451, 7895, 8121, 9744, 10599, 11636, 11883, 12091, 15928, 16180, 19565, 19625, 19685, 19745, 19805, 19865, 19925, 19985]"
342,agrawal2_gradual_20K_38,HT_basic_F,0.7300865043252163,0.3715983381705295,00:00:05,1.87 MB,[]
343,agrawal2_gradual_20K_38,HT_ADWIN_F,0.855892794639732,0.6379366917611365,00:00:08,49.62 KB,"[4255, 6751, 8127, 8639, 11967, 14143, 16255]"
344,agrawal2_gradual_20K_38,HT_BOCD_F,0.8545427271363568,0.6397069696412305,00:08:23,209.44 MB,"[4002, 7461, 8755, 12055, 15174, 16296]"
345,agrawal2_gradual_20K_38,HT_CUSUM_F,0.8648432421621081,0.6638383189662631,00:00:03,40.37 KB,"[3922, 8148, 12048, 16185]"
346,agrawal2_gradual_20K_38,HT_DDM_F,0.8648932446622332,0.6607361885539225,00:00:03,99.29 KB,"[3962, 8119, 11818, 12122, 16166]"
347,agrawal2_gradual_20K_38,HT_ECDD_F,0.8453922696134807,0.610270879190297,00:00:04,65.21 KB,"[1099, 1208, 1347, 1946, 2874, 3462, 3969, 5122, 5618, 6045, 7200, 8050, 10707, 11243, 11442, 11892, 12091, 13629, 14578, 15642, 15881, 19283, 19513, 19799]"
348,agrawal2_gradual_20K_38,HT_EDDM_F,0.8544927246362318,0.6388207675484664,00:00:05,42.32 KB,"[4482, 8222, 11720, 12090, 16298]"
349,agrawal2_gradual_20K_38,HT_GMA_F,0.7300865043252163,0.3715983381705295,00:00:04,1.87 MB,[]
350,agrawal2_gradual_20K_38,HT_HDDMA_F,0.8578428921446072,0.6377654584551027,00:00:06,96.21 KB,"[2145, 8160, 12005, 16105]"
351,agrawal2_gradual_20K_38,HT_HDDMW_F,0.8668433421671083,0.662839729460872,00:00:05,97.81 KB,"[3411, 8086, 12090, 16092]"
352,agrawal2_gradual_20K_38,HT_KSWIN1_F,0.7300865043252163,0.3715983381705295,00:00:16,1.87 MB,[]
353,agrawal2_gradual_20K_38,HT_KSWIN51_F,0.7300865043252163,0.3715983381705295,00:00:11,1.87 MB,[]
354,agrawal2_gradual_20K_38,HT_KSWIN101_F,0.7300865043252163,0.3715983381705295,00:00:09,1.87 MB,[]
355,agrawal2_gradual_20K_38,HT_KSWIN151_F,0.7300865043252163,0.3715983381705295,00:00:09,1.87 MB,[]
356,agrawal2_gradual_20K_38,HT_KSWIN201_F,0.7300865043252163,0.3715983381705295,00:00:09,1.87 MB,[]
357,agrawal2_gradual_20K_38,HT_PH_F,0.8451422571128556,0.6202044078199787,00:00:03,42.6 KB,"[4270, 8394, 12055, 16736]"
358,agrawal2_gradual_20K_38,HT_RDDM_F,0.8666433321666084,0.6648181643452824,00:00:03,155.24 KB,"[3748, 8086, 11767, 12055, 16086]"
359,agrawal2_gradual_20K_38,HT_STEPD_F,0.8610930546527327,0.6536261531565176,00:00:08,75.9 KB,"[1946, 4204, 4331, 5076, 7893, 8576, 8636, 9994, 11525, 11902, 12091, 13632, 15895, 16291, 19519, 19579, 19639]"
360,agrawal2_gradual_20K_40,HT_basic_F,0.7314865743287164,0.36961420961089153,00:00:04,2.15 MB,[]
361,agrawal2_gradual_20K_40,HT_ADWIN_F,0.8412920646032301,0.5925394348216263,00:00:07,49.57 KB,"[4991, 8511, 11999, 12895, 16319]"
362,agrawal2_gradual_20K_40,HT_BOCD_F,0.8601430071503575,0.6379499220611671,00:11:33,238.09 MB,"[4172, 8037, 11951, 13453, 16051]"
363,agrawal2_gradual_20K_40,HT_CUSUM_F,0.8657932896644832,0.6565524407558527,00:00:04,40.54 KB,"[4081, 8215, 11994, 16182]"
364,agrawal2_gradual_20K_40,HT_DDM_F,0.8662433121656082,0.6547460143710153,00:00:05,41.16 KB,"[4161, 8086, 11846, 12060, 16154, 16185]"
365,agrawal2_gradual_20K_40,HT_ECDD_F,0.8524426221311066,0.6171696105354482,00:00:05,45.14 KB,"[119, 724, 1347, 2103, 3434, 3921, 4887, 5707, 6182, 7023, 7452, 7912, 8085, 9789, 10047, 10293, 10943, 11520, 11903, 14973, 15606, 15839, 19243, 19636]"
366,agrawal2_gradual_20K_40,HT_EDDM_F,0.8435421771088555,0.6096432823919377,00:00:04,44.8 KB,"[153, 207, 280, 330, 399, 526, 9055, 10529, 11642, 11901, 12064, 12133, 16227]"
367,agrawal2_gradual_20K_40,HT_GMA_F,0.7314865743287164,0.36961420961089153,00:00:05,2.15 MB,[]
368,agrawal2_gradual_20K_40,HT_HDDMA_F,0.8657432871643582,0.6509857581224793,00:00:06,79.95 KB,"[4080, 8017, 11981, 16041]"
369,agrawal2_gradual_20K_40,HT_HDDMW_F,0.8669433471673583,0.6545090578497936,00:00:05,81.55 KB,"[3508, 8130, 12060, 16052]"
370,agrawal2_gradual_20K_40,HT_KSWIN1_F,0.7314865743287164,0.36961420961089153,00:00:15,2.15 MB,[]
371,agrawal2_gradual_20K_40,HT_KSWIN51_F,0.7314865743287164,0.36961420961089153,00:00:15,2.15 MB,[]
372,agrawal2_gradual_20K_40,HT_KSWIN101_F,0.7314865743287164,0.36961420961089153,00:00:17,2.15 MB,[]
373,agrawal2_gradual_20K_40,HT_KSWIN151_F,0.7314865743287164,0.36961420961089153,00:00:16,2.15 MB,[]
374,agrawal2_gradual_20K_40,HT_KSWIN201_F,0.7314865743287164,0.36961420961089153,00:00:16,2.15 MB,[]
375,agrawal2_gradual_20K_40,HT_PH_F,0.7427371368568428,0.38877224323136406,00:00:05,42.59 KB,[18118]
376,agrawal2_gradual_20K_40,HT_RDDM_F,0.8653932696634832,0.6506676066756086,00:00:05,135.17 KB,"[4010, 8001, 11795, 11983, 12238, 16009]"
377,agrawal2_gradual_20K_40,HT_STEPD_F,0.8620931046552328,0.6438888818874018,00:00:09,165.62 KB,"[3511, 3636, 4407, 7514, 7929, 11667, 11953, 12299, 15942]"
378,agrawal2_gradual_20K_42,HT_basic_F,0.7382869143457172,0.41027880232655634,00:00:02,462.35 KB,[]
379,agrawal2_gradual_20K_42,HT_ADWIN_F,0.856042802140107,0.6368030596563896,00:00:07,47.39 KB,"[4895, 8319, 11999, 13535, 16383]"
380,agrawal2_gradual_20K_42,HT_BOCD_F,0.8685434271713586,0.66344057021216,00:11:15,235.41 MB,"[4627, 8102, 12040, 16073]"
381,agrawal2_gradual_20K_42,HT_CUSUM_F,0.8675933796689834,0.6631928041462224,00:00:03,40.84 KB,"[4228, 8154, 12040, 16162]"
382,agrawal2_gradual_20K_42,HT_DDM_F,0.8586429321466074,0.643798607674339,00:00:04,171.85 KB,"[8380, 11995, 16154]"
383,agrawal2_gradual_20K_42,HT_ECDD_F,0.8544427221361068,0.6298447452960035,00:00:04,45.03 KB,"[390, 1975, 3274, 7710, 8111, 9545, 11200, 11322, 11705, 11904, 12106, 12547, 13248, 13443, 13994, 14395, 15702, 15992, 18475, 18982, 19479]"
384,agrawal2_gradual_20K_42,HT_EDDM_F,0.8546427321366068,0.6403078094545532,00:00:04,42.97 KB,"[126, 8963, 10762, 11735, 11955, 12071, 12212, 12289, 16254]"
385,agrawal2_gradual_20K_42,HT_GMA_F,0.7382869143457172,0.41027880232655634,00:00:03,464.43 KB,[]
386,agrawal2_gradual_20K_42,HT_HDDMA_F,0.8714435721786089,0.6719019030800679,00:00:04,44.51 KB,"[8182, 12017, 12552, 16136]"
387,agrawal2_gradual_20K_42,HT_HDDMW_F,0.8709435471773589,0.6712541844980013,00:00:05,46.17 KB,"[831, 4066, 8112, 12107, 16101]"
388,agrawal2_gradual_20K_42,HT_KSWIN1_F,0.7382869143457172,0.41027880232655634,00:00:12,465.37 KB,[]
389,agrawal2_gradual_20K_42,HT_KSWIN51_F,0.7382869143457172,0.41027880232655634,00:00:11,465.37 KB,[]
390,agrawal2_gradual_20K_42,HT_KSWIN101_F,0.7382869143457172,0.41027880232655634,00:00:12,465.37 KB,[]
391,agrawal2_gradual_20K_42,HT_KSWIN151_F,0.7382869143457172,0.41027880232655634,00:00:11,465.37 KB,[]
392,agrawal2_gradual_20K_42,HT_KSWIN201_F,0.7382869143457172,0.41027880232655634,00:00:11,465.37 KB,[]
393,agrawal2_gradual_20K_42,HT_PH_F,0.8177408870443522,0.5631848696642963,00:00:04,42.62 KB,"[10409, 12104, 16518]"
394,agrawal2_gradual_20K_42,HT_RDDM_F,0.8702435121756088,0.6667405953041351,00:00:04,99.76 KB,"[4120, 8015, 11831, 12060, 16083, 19422]"
395,agrawal2_gradual_20K_42,HT_STEPD_F,0.8641932096604831,0.6552006167494753,00:00:07,88.63 KB,"[1986, 3895, 4103, 4340, 7887, 11876, 12113, 16005, 16453, 16982, 17042, 17102, 17162, 17222, 17282, 17342, 17402, 17462, 17522, 18475]"
396,agrawal2_gradual_20K_44,HT_basic_F,0.7453872693634682,0.40411598790519676,00:00:03,427.08 KB,[]
397,agrawal2_gradual_20K_44,HT_ADWIN_F,0.8531926596329816,0.6204078332191353,00:00:05,47.59 KB,"[1855, 5663, 8415, 12031, 12927, 16383]"
398,agrawal2_gradual_20K_44,HT_BOCD_F,0.863943197159858,0.648511600527166,00:09:01,209.11 MB,"[4595, 8096, 12049, 14545, 16299]"
399,agrawal2_gradual_20K_44,HT_CUSUM_F,0.8657432871643582,0.655524121718202,00:00:04,62.46 KB,"[8324, 12047, 16263]"
400,agrawal2_gradual_20K_44,HT_DDM_F,0.8593929696484824,0.6416092802856258,00:00:03,151.8 KB,"[8440, 11921, 11970, 16257]"
401,agrawal2_gradual_20K_44,HT_ECDD_F,0.8487924396219811,0.6103449064578061,00:00:04,64.85 KB,"[257, 499, 1288, 2130, 2395, 4234, 4755, 5522, 6866, 7700, 11820, 12054, 13033, 14566, 15920, 19259, 19497, 19897]"
402,agrawal2_gradual_20K_44,HT_EDDM_F,0.83989199459973,0.5991208839803962,00:00:04,39.03 KB,"[83, 166, 286, 9363, 10860, 11784, 11968, 12098, 16298]"
403,agrawal2_gradual_20K_44,HT_GMA_F,0.7453872693634682,0.40411598790519676,00:00:04,429.17 KB,[]
404,agrawal2_gradual_20K_44,HT_HDDMA_F,0.8579928996449823,0.6289783398613114,00:00:05,42.9 KB,"[2408, 8378, 12000, 16184]"
405,agrawal2_gradual_20K_44,HT_HDDMW_F,0.8595929796489824,0.6321644179409089,00:00:04,46.06 KB,"[2407, 8302, 12099, 16161]"
406,agrawal2_gradual_20K_44,HT_KSWIN1_F,0.7453872693634682,0.40411598790519676,00:00:13,430.11 KB,[]
407,agrawal2_gradual_20K_44,HT_KSWIN51_F,0.7453872693634682,0.40411598790519676,00:00:14,430.11 KB,[]
408,agrawal2_gradual_20K_44,HT_KSWIN101_F,0.7453872693634682,0.40411598790519676,00:00:12,430.11 KB,[]
409,agrawal2_gradual_20K_44,HT_KSWIN151_F,0.7453872693634682,0.40411598790519676,00:00:13,430.11 KB,[]
410,agrawal2_gradual_20K_44,HT_KSWIN201_F,0.7453872693634682,0.40411598790519676,00:00:12,430.11 KB,[]
411,agrawal2_gradual_20K_44,HT_PH_F,0.807540377018851,0.5379738880251159,00:00:04,42.64 KB,"[10786, 12095, 16713]"
412,agrawal2_gradual_20K_44,HT_RDDM_F,0.8728936446822341,0.6694635883909027,00:00:04,155.09 KB,"[3945, 8081, 11686, 11870, 12098, 16064]"
413,agrawal2_gradual_20K_44,HT_STEPD_F,0.8578428921446072,0.6276454027523803,00:00:07,87.05 KB,"[222, 518, 855, 1265, 2409, 2852, 3515, 4610, 6469, 7178, 8180, 11482, 11894, 12321, 15973, 16397, 16457, 18408, 18468, 18528, 18588, 18648, 18708, 18768]"
414,agrawal2_gradual_20K_46,HT_basic_F,0.7388369418470924,0.4072693385735326,00:00:03,462.4 KB,[]
415,agrawal2_gradual_20K_46,HT_ADWIN_F,0.8600430021501075,0.6450269932802305,00:00:05,47.8 KB,"[4831, 8287, 11967, 12991, 16159]"
416,agrawal2_gradual_20K_46,HT_BOCD_F,0.8623931196559828,0.6519761647398561,00:09:31,219.63 MB,"[4574, 8097, 11982, 13782, 16207]"
417,agrawal2_gradual_20K_46,HT_CUSUM_F,0.8654432721636082,0.6582287799486528,00:00:03,40.77 KB,"[8346, 11968, 16159]"
418,agrawal2_gradual_20K_46,HT_DDM_F,0.8659932996649833,0.6615701337075715,00:00:05,42.21 KB,"[8455, 8970, 11732, 11916, 16113, 16157]"
419,agrawal2_gradual_20K_46,HT_ECDD_F,0.8519425971298565,0.6244819317980574,00:00:04,65.02 KB,"[1215, 1796, 3776, 4196, 5006, 5763, 6639, 7651, 7846, 10935, 11747, 12086, 13737, 14139, 14615, 15014, 15625, 19001]"
420,agrawal2_gradual_20K_46,HT_EDDM_F,0.8503925196259813,0.6292036643945911,00:00:05,43.02 KB,"[58, 130, 214, 313, 437, 9083, 11566, 11871, 16259]"
421,agrawal2_gradual_20K_46,HT_GMA_F,0.7388369418470924,0.4072693385735326,00:00:05,464.49 KB,[]
422,agrawal2_gradual_20K_46,HT_HDDMA_F,0.8612930646532326,0.6430887093200502,00:00:04,79.88 KB,"[1218, 8246, 11982, 16067]"
423,agrawal2_gradual_20K_46,HT_HDDMW_F,0.8661433071653583,0.6589033806983752,00:00:05,46.17 KB,"[1221, 3797, 8101, 12086, 16051]"
424,agrawal2_gradual_20K_46,HT_KSWIN1_F,0.7388369418470924,0.4072693385735326,00:00:13,465.43 KB,[]
425,agrawal2_gradual_20K_46,HT_KSWIN51_F,0.7388369418470924,0.4072693385735326,00:00:12,465.43 KB,[]
426,agrawal2_gradual_20K_46,HT_KSWIN101_F,0.7388369418470924,0.4072693385735326,00:00:14,465.43 KB,[]
427,agrawal2_gradual_20K_46,HT_KSWIN151_F,0.7388369418470924,0.4072693385735326,00:00:13,465.43 KB,[]
428,agrawal2_gradual_20K_46,HT_KSWIN201_F,0.7388369418470924,0.4072693385735326,00:00:13,465.43 KB,[]
429,agrawal2_gradual_20K_46,HT_PH_F,0.8067903395169759,0.5470704755599247,00:00:04,40.17 KB,"[11014, 12052, 16584]"
430,agrawal2_gradual_20K_46,HT_RDDM_F,0.8653932696634832,0.6560104176294734,00:00:05,135.14 KB,"[8315, 11772, 12005, 12260, 15930]"
431,agrawal2_gradual_20K_46,HT_STEPD_F,0.8570928546427321,0.6338121856407759,00:00:07,145.8 KB,"[1228, 1799, 2549, 3799, 4146, 6644, 7260, 7716, 7793, 11748, 11916, 14146, 14619, 15996]"
432,agrawal2_gradual_20K_48,HT_basic_F,0.7430371518575929,0.4127035454976336,00:00:04,427.11 KB,[]
433,agrawal2_gradual_20K_48,HT_ADWIN_F,0.863893194659733,0.6514703781233536,00:00:06,47.92 KB,"[1215, 5311, 8287, 12063, 12991, 16351]"
434,agrawal2_gradual_20K_48,HT_BOCD_F,0.8708935446772339,0.6690951113573699,00:09:41,228.4 MB,"[3152, 4946, 8187, 12110, 16132]"
435,agrawal2_gradual_20K_48,HT_CUSUM_F,0.8754437721886095,0.6839420011551096,00:00:06,42.57 KB,"[4235, 8205, 12117, 16257]"
436,agrawal2_gradual_20K_48,HT_DDM_F,0.8587429371468573,0.6415640920366055,00:00:05,43.9 KB,"[8427, 12098, 16278, 16557, 16764, 19773]"
437,agrawal2_gradual_20K_48,HT_ECDD_F,0.8552927646382319,0.6316260378920715,00:00:04,93.73 KB,"[1698, 2111, 3276, 3935, 6024, 7864, 11756, 12019, 12243, 12711, 13750, 14253, 14731, 15219, 16104, 18314, 19400, 19773]"
438,agrawal2_gradual_20K_48,HT_EDDM_F,0.8497424871243562,0.6268020439875587,00:00:05,42.92 KB,"[72, 9176, 11375, 11937, 12096, 16380, 19752]"
439,agrawal2_gradual_20K_48,HT_GMA_F,0.7430371518575929,0.4127035454976336,00:00:04,429.2 KB,[]
440,agrawal2_gradual_20K_48,HT_HDDMA_F,0.8710935546777339,0.6693065524782479,00:00:06,78.36 KB,"[8280, 12041, 16177]"
441,agrawal2_gradual_20K_48,HT_HDDMW_F,0.8691934596729837,0.6638958962617805,00:00:06,700.97 KB,"[1697, 3757, 8288, 12219, 16034]"
442,agrawal2_gradual_20K_48,HT_KSWIN1_F,0.7430371518575929,0.4127035454976336,00:00:14,430.14 KB,[]
443,agrawal2_gradual_20K_48,HT_KSWIN51_F,0.7430371518575929,0.4127035454976336,00:00:15,430.14 KB,[]
444,agrawal2_gradual_20K_48,HT_KSWIN101_F,0.7430371518575929,0.4127035454976336,00:00:16,430.14 KB,[]
445,agrawal2_gradual_20K_48,HT_KSWIN151_F,0.7430371518575929,0.4127035454976336,00:00:15,430.14 KB,[]
446,agrawal2_gradual_20K_48,HT_KSWIN201_F,0.7430371518575929,0.4127035454976336,00:00:16,430.14 KB,[]
447,agrawal2_gradual_20K_48,HT_PH_F,0.8211410570528527,0.5677342121090471,00:00:04,42.62 KB,"[10159, 12161, 16693]"
448,agrawal2_gradual_20K_48,HT_RDDM_F,0.8728936446822341,0.6715666327522661,00:00:06,97.97 KB,"[4006, 8205, 11783, 11992, 12207, 16148, 19507, 19773]"
449,agrawal2_gradual_20K_48,HT_STEPD_F,0.8669933496674834,0.6566753598402848,00:00:09,55.66 KB,"[621, 1113, 2127, 3350, 4488, 8003, 8328, 11724, 11895, 12242, 14738, 16029, 16256, 19405]"
450,agrawal2_gradual_20K_50,HT_basic_F,0.7473373668683434,0.4034461943516115,00:00:04,515.14 KB,[]
451,agrawal2_gradual_20K_50,HT_ADWIN_F,0.8538926946347317,0.6338491644031411,00:00:07,49.54 KB,"[4991, 8255, 12063, 15327, 16479]"
452,agrawal2_gradual_20K_50,HT_BOCD_F,0.8617430871543578,0.6513172150807864,00:11:51,234.07 MB,"[4816, 8063, 12022, 15054, 16089]"
453,agrawal2_gradual_20K_50,HT_CUSUM_F,0.864443222161108,0.6590870804740284,00:00:06,42.57 KB,"[8265, 12052, 16125]"
454,agrawal2_gradual_20K_50,HT_DDM_F,0.8611430571528577,0.6514140271042347,00:00:04,41.88 KB,"[8404, 11871, 12099, 16099, 19488]"
455,agrawal2_gradual_20K_50,HT_ECDD_F,0.8543927196359818,0.6303434732785143,00:00:05,64.88 KB,"[534, 643, 999, 1912, 2762, 3801, 5684, 7125, 7388, 7717, 11831, 12053, 15618, 15862, 19252]"
456,agrawal2_gradual_20K_50,HT_EDDM_F,0.8424421221061053,0.6124208811181586,00:00:05,38.96 KB,"[9225, 11005, 11856, 12001, 12077, 16318]"
457,agrawal2_gradual_20K_50,HT_GMA_F,0.7473373668683434,0.4034461943516115,00:00:05,517.22 KB,[]
458,agrawal2_gradual_20K_50,HT_HDDMA_F,0.8656932846642332,0.6612604998415563,00:00:07,42.55 KB,"[8104, 11942, 12068, 16053, 19494]"
459,agrawal2_gradual_20K_50,HT_HDDMW_F,0.8662933146657333,0.6612472683369727,00:00:06,629.25 KB,"[4361, 8052, 12053, 16054]"
460,agrawal2_gradual_20K_50,HT_KSWIN1_F,0.7473373668683434,0.4034461943516115,00:00:15,518.16 KB,[]
461,agrawal2_gradual_20K_50,HT_KSWIN51_F,0.7543377168858443,0.45286630451539567,00:00:19,189.79 KB,[12072]
462,agrawal2_gradual_20K_50,HT_KSWIN101_F,0.7541877093854693,0.4523415141811983,00:00:16,189.79 KB,[12073]
463,agrawal2_gradual_20K_50,HT_KSWIN151_F,0.7473373668683434,0.4034461943516115,00:00:17,518.16 KB,[]
464,agrawal2_gradual_20K_50,HT_KSWIN201_F,0.7473373668683434,0.4034461943516115,00:00:16,518.16 KB,[]
465,agrawal2_gradual_20K_50,HT_PH_F,0.7473373668683434,0.4034461943516115,00:00:05,517.31 KB,[]
466,agrawal2_gradual_20K_50,HT_RDDM_F,0.8620431021551077,0.6537511522150838,00:00:06,97.76 KB,"[8221, 8450, 11833, 12057, 16054, 19441]"
467,agrawal2_gradual_20K_50,HT_STEPD_F,0.8607930396519826,0.6442928229255948,00:00:09,86.13 KB,"[4364, 7849, 8126, 11836, 12060, 12242, 12530, 12659, 12741, 13696, 14744, 15542, 15859, 16163]"
468,agrawal2_gradual_20K_52,HT_basic_F,0.7418370918545927,0.41075269515511476,00:00:04,460.46 KB,[]
469,agrawal2_gradual_20K_52,HT_ADWIN_F,0.8506425321266063,0.6217113210738664,00:00:06,49.54 KB,"[5023, 8447, 11999, 15135, 16319]"
470,agrawal2_gradual_20K_52,HT_BOCD_F,0.8624931246562328,0.6451527094571183,00:12:08,218.26 MB,"[4740, 8118, 11991, 14924, 16219]"
471,agrawal2_gradual_20K_52,HT_CUSUM_F,0.8670933546677334,0.6584521193585257,00:00:06,40.92 KB,"[8294, 12003, 16153]"
472,agrawal2_gradual_20K_52,HT_DDM_F,0.8654932746637332,0.6532170643939395,00:00:05,43.96 KB,"[8384, 8642, 11750, 11790, 12080, 16084, 16121]"
473,agrawal2_gradual_20K_52,HT_ECDD_F,0.8497424871243562,0.6112779569564086,00:00:07,64.93 KB,"[132, 1013, 2827, 3708, 6096, 6866, 7397, 7637, 8003, 10338, 11223, 11378, 11686, 11991, 13224, 13860, 15374, 15867, 19244, 19486, 19893]"
474,agrawal2_gradual_20K_52,HT_EDDM_F,0.847392369618481,0.6197433019330094,00:00:06,171.9 KB,"[80, 9149, 11611, 11878, 12044, 12142, 16198]"
475,agrawal2_gradual_20K_52,HT_GMA_F,0.7418370918545927,0.41075269515511476,00:00:07,462.54 KB,[]
476,agrawal2_gradual_20K_52,HT_HDDMA_F,0.8653932696634832,0.6497893602743259,00:00:06,44.57 KB,"[8200, 11914, 12223, 13262, 16159]"
477,agrawal2_gradual_20K_52,HT_HDDMW_F,0.8673433671683585,0.6530958736711547,00:00:07,66.06 KB,"[3596, 8004, 12045, 16034]"
478,agrawal2_gradual_20K_52,HT_KSWIN1_F,0.7418370918545927,0.41075269515511476,00:00:16,463.48 KB,[]
479,agrawal2_gradual_20K_52,HT_KSWIN51_F,0.7418370918545927,0.41075269515511476,00:00:18,463.48 KB,[]
480,agrawal2_gradual_20K_52,HT_KSWIN101_F,0.7418370918545927,0.41075269515511476,00:00:18,463.48 KB,[]
481,agrawal2_gradual_20K_52,HT_KSWIN151_F,0.7418370918545927,0.41075269515511476,00:00:17,463.48 KB,[]
482,agrawal2_gradual_20K_52,HT_KSWIN201_F,0.7418370918545927,0.41075269515511476,00:00:18,463.48 KB,[]
483,agrawal2_gradual_20K_52,HT_PH_F,0.808740437021851,0.5405656685778548,00:00:05,62.56 KB,"[10573, 12024, 16687]"
484,agrawal2_gradual_20K_52,HT_RDDM_F,0.8651932596629831,0.6534890328486584,00:00:06,155.03 KB,"[8276, 11839, 12031, 16012]"
485,agrawal2_gradual_20K_52,HT_STEPD_F,0.8627431371568578,0.6435414305078196,00:00:12,75.5 KB,"[1368, 3721, 3906, 7876, 8185, 11687, 12029, 12269, 13247, 15990, 16267, 19143]"
486,agrawal2_gradual_20K_54,HT_basic_F,0.7416870843542177,0.4002836361402275,00:00:04,480.69 KB,[]
487,agrawal2_gradual_20K_54,HT_ADWIN_F,0.8618930946547327,0.6458971816570593,00:00:05,45.12 KB,"[5023, 8351, 11999, 14015, 16191]"
488,agrawal2_gradual_20K_54,HT_BOCD_F,0.8704435221761088,0.6624654388397014,00:14:42,241.69 MB,"[4742, 8049, 12002, 16021]"
489,agrawal2_gradual_20K_54,HT_CUSUM_F,0.8696434821741087,0.663283954304224,00:00:06,42.54 KB,"[8235, 12011, 16098]"
490,agrawal2_gradual_20K_54,HT_DDM_F,0.8661933096654832,0.6541898161717611,00:00:06,93.25 KB,"[8368, 11870, 11935, 16088, 19450, 19589]"
491,agrawal2_gradual_20K_54,HT_ECDD_F,0.8522926146307316,0.6187561305859878,00:00:06,45.11 KB,"[141, 576, 1032, 2401, 2892, 4039, 7229, 7950, 9212, 10258, 10529, 10640, 11194, 11564, 11920, 14492, 15027, 15662, 15931, 18643, 19186, 19589, 19736]"
492,agrawal2_gradual_20K_54,HT_EDDM_F,0.8424921246062304,0.6039330359865953,00:00:06,100.15 KB,"[108, 166, 380, 9220, 10735, 11814, 11973, 12103, 16250]"
493,agrawal2_gradual_20K_54,HT_GMA_F,0.7416870843542177,0.4002836361402275,00:00:06,482.77 KB,[]
494,agrawal2_gradual_20K_54,HT_HDDMA_F,0.8693934696734836,0.6589443114394231,00:00:06,44.57 KB,"[3479, 8048, 12003, 15997, 19471]"
495,agrawal2_gradual_20K_54,HT_HDDMW_F,0.871693584679234,0.6640359866612737,00:00:07,670.26 KB,"[575, 1965, 4233, 7963, 12005, 15991]"
496,agrawal2_gradual_20K_54,HT_KSWIN1_F,0.7416870843542177,0.4002836361402275,00:00:20,483.71 KB,[]
497,agrawal2_gradual_20K_54,HT_KSWIN51_F,0.7416870843542177,0.4002836361402275,00:00:18,483.71 KB,[]
498,agrawal2_gradual_20K_54,HT_KSWIN101_F,0.7416870843542177,0.4002836361402275,00:00:17,483.71 KB,[]
499,agrawal2_gradual_20K_54,HT_KSWIN151_F,0.7416870843542177,0.4002836361402275,00:00:18,483.71 KB,[]
500,agrawal2_gradual_20K_54,HT_KSWIN201_F,0.7416870843542177,0.4002836361402275,00:00:18,483.71 KB,[]
501,agrawal2_gradual_20K_54,HT_PH_F,0.8096904845242262,0.5379865712954961,00:00:06,39.01 KB,"[10590, 12059, 16589]"
502,agrawal2_gradual_20K_54,HT_RDDM_F,0.8655932796639833,0.6530455539630596,00:00:06,204.59 KB,"[3949, 7992, 11837, 12004, 16011]"
503,agrawal2_gradual_20K_54,HT_STEPD_F,0.8645932296614831,0.6440074257874485,00:00:12,55.63 KB,"[475, 4583, 5201, 5317, 7852, 8371, 11653, 11937, 14309, 15536, 15925, 15995, 19410, 19470, 19530]"
504,agrawal2_gradual_20K_56,HT_basic_F,0.7396369818490924,0.4026496651518751,00:00:06,1.01 MB,[]
505,agrawal2_gradual_20K_56,HT_ADWIN_F,0.8614930746537327,0.6496949461884297,00:00:08,49.48 KB,"[4959, 8191, 12063, 16255]"
506,agrawal2_gradual_20K_56,HT_BOCD_F,0.8676433821691084,0.663878244695095,00:14:30,241.93 MB,"[4663, 8035, 12015, 16019]"
507,agrawal2_gradual_20K_56,HT_CUSUM_F,0.8683434171708585,0.6670763404620261,00:00:06,42.49 KB,"[8202, 12053, 16125]"
508,agrawal2_gradual_20K_56,HT_DDM_F,0.8606430321516075,0.650843935929302,00:00:04,174.02 KB,"[8326, 11963, 12000, 16010]"
509,agrawal2_gradual_20K_56,HT_ECDD_F,0.8570428521426071,0.6397086356120352,00:00:07,64.83 KB,"[217, 2154, 4092, 4877, 5596, 7834, 11820, 12088, 12849, 14174, 15209, 15654, 15819, 19217]"
510,agrawal2_gradual_20K_56,HT_EDDM_F,0.848342417120856,0.6241465334226561,00:00:05,42.7 KB,"[112, 191, 8975, 10355, 11544, 11911, 12032, 16278]"
511,agrawal2_gradual_20K_56,HT_GMA_F,0.7396369818490924,0.4026496651518751,00:00:05,1.01 MB,[]
512,agrawal2_gradual_20K_56,HT_HDDMA_F,0.8620431021551077,0.6431662127134103,00:00:07,42.55 KB,"[2604, 8117, 11927, 16051, 19483]"
513,agrawal2_gradual_20K_56,HT_HDDMW_F,0.8746937346867344,0.6796789148482244,00:00:06,46.17 KB,"[2604, 4182, 8027, 12081, 16012]"
514,agrawal2_gradual_20K_56,HT_KSWIN1_F,0.7657382869143458,0.3977182033515195,00:00:15,293.94 KB,[2619]
515,agrawal2_gradual_20K_56,HT_KSWIN51_F,0.7396369818490924,0.4026496651518751,00:00:17,1.01 MB,[]
516,agrawal2_gradual_20K_56,HT_KSWIN101_F,0.7396369818490924,0.4026496651518751,00:00:16,1.01 MB,[]
517,agrawal2_gradual_20K_56,HT_KSWIN151_F,0.7396369818490924,0.4026496651518751,00:00:18,1.01 MB,[]
518,agrawal2_gradual_20K_56,HT_KSWIN201_F,0.7396369818490924,0.4026496651518751,00:00:19,1.01 MB,[]
519,agrawal2_gradual_20K_56,HT_PH_F,0.8130906545327267,0.5561140245471243,00:00:07,42.64 KB,"[10513, 12080, 16508]"
520,agrawal2_gradual_20K_56,HT_RDDM_F,0.8665433271663583,0.6622978852533454,00:00:06,97.73 KB,"[8187, 11918, 12087, 16018, 19397]"
521,agrawal2_gradual_20K_56,HT_STEPD_F,0.863543177158858,0.6520201967681263,00:00:12,88.49 KB,"[430, 2603, 2698, 2833, 4111, 4425, 7248, 7517, 7848, 8374, 8434, 11818, 12090, 15826, 16419, 16479]"
522,agrawal2_gradual_20K_58,HT_basic_F,0.744587229361468,0.4154470016928622,00:00:04,514.3 KB,[]
523,agrawal2_gradual_20K_58,HT_ADWIN_F,0.8545427271363568,0.6354173964192877,00:00:08,47.42 KB,"[5023, 8351, 12095, 14079, 16383]"
524,agrawal2_gradual_20K_58,HT_BOCD_F,0.8585929296464824,0.6412396419417972,00:11:40,203.38 MB,"[4717, 8038, 11972, 14573, 16350]"
525,agrawal2_gradual_20K_58,HT_CUSUM_F,0.8633431671583579,0.6559206084418503,00:00:07,42.57 KB,"[8357, 12065, 16301]"
526,agrawal2_gradual_20K_58,HT_DDM_F,0.8603930196509826,0.6494434510954185,00:00:04,43.83 KB,"[8460, 11922, 12286, 16271, 19518, 19745]"
527,agrawal2_gradual_20K_58,HT_ECDD_F,0.8488924446222311,0.6131766580353298,00:00:07,45.04 KB,"[207, 487, 2079, 2291, 2995, 3699, 5921, 6085, 6388, 6928, 7859, 10952, 11707, 11866, 12222, 12721, 13375, 13896, 14914, 15156, 15873, 15968, 19365, 19745]"
528,agrawal2_gradual_20K_58,HT_EDDM_F,0.8502925146257313,0.632321564894086,00:00:04,44.58 KB,"[9236, 10671, 11892, 12049, 12128, 12235, 16335]"
529,agrawal2_gradual_20K_58,HT_GMA_F,0.744587229361468,0.4154470016928622,00:00:06,516.39 KB,[]
530,agrawal2_gradual_20K_58,HT_HDDMA_F,0.8668933446672333,0.6618457501241621,00:00:07,98.15 KB,"[8268, 12004, 12279, 16090]"
531,agrawal2_gradual_20K_58,HT_HDDMW_F,0.8723436171808591,0.6753475212627963,00:00:06,46.2 KB,"[487, 3913, 7974, 12228, 16270]"
532,agrawal2_gradual_20K_58,HT_KSWIN1_F,0.744587229361468,0.4154470016928622,00:00:18,517.33 KB,[]
533,agrawal2_gradual_20K_58,HT_KSWIN51_F,0.744587229361468,0.4154470016928622,00:00:16,517.33 KB,[]
534,agrawal2_gradual_20K_58,HT_KSWIN101_F,0.744587229361468,0.4154470016928622,00:00:16,517.33 KB,[]
535,agrawal2_gradual_20K_58,HT_KSWIN151_F,0.744587229361468,0.4154470016928622,00:00:17,517.33 KB,[]
536,agrawal2_gradual_20K_58,HT_KSWIN201_F,0.744587229361468,0.4154470016928622,00:00:18,517.33 KB,[]
537,agrawal2_gradual_20K_58,HT_PH_F,0.7952397619880994,0.5223121952754268,00:00:06,42.64 KB,"[11189, 12104, 17073]"
538,agrawal2_gradual_20K_58,HT_RDDM_F,0.8661433071653583,0.6577804716359686,00:00:05,155.09 KB,"[3996, 8012, 11912, 12275, 16086]"
539,agrawal2_gradual_20K_58,HT_STEPD_F,0.856392819640982,0.6288680119004408,00:00:12,144.1 KB,"[60, 344, 890, 1521, 1681, 1960, 2927, 3974, 4093, 7885, 8292, 11707, 11912, 12275, 13388, 15893]"
